google.com, 4
youtube.com, 5
facebook.com, 4
baidu.com, 5
wikipedia.org, 6
yahoo.com, 3
google.co.in, 6
reddit.com, 4
qq.com, 4
amazon.com, 6
taobao.com, 4
twitter.com, 6
tmall.com, 4
google.co.jp, 4
live.com, 5
vk.com, 7
instagram.com, 6
sohu.com, 6
sina.com.cn, 4
jd.com, 3
weibo.com, 5
360.cn, 6
google.de, 4
google.co.uk, 5
linkedin.com, 5
google.com.br, 5
google.fr, 6
google.ru, 4
yandex.ru, 5
netflix.com, 6
google.com.hk, 4
yahoo.co.jp, 3
google.it, 4
ebay.com, 2
google.es, 5
pornhub.com, 6
imgur.com, 5
bing.com, 5
msn.com, 4
onclkds.com, 3
twitch.tv, 4
google.com.mx, 4
google.ca, 3
tumblr.com, 6
gmw.cn, 6
alipay.com, 3
livejasmin.com, 7
xvideos.com, 4
mail.ru, 4
microsoft.com, 4
ok.ru, 4
aliexpress.com, 2
wordpress.com, 6
stackoverflow.com, 5
imdb.com, 4
github.com, 4
amazon.co.jp, 6
pinterest.com, 5
csdn.net, 5
wikia.com, 5
apple.com, 5
google.com.tr, 4
popads.net, 5
youth.cn, 5
bongacams.com, 6
paypal.com, 5
microsoftonline.com, 6
google.com.tw, 5
google.com.au, 5
whatsapp.com, 5
google.pl, 4
xhamster.com, 5
diply.com, 3
google.co.id, 4
adobe.com, 5
coccoc.com, 5
craigslist.org, 4
txxx.com, 6
dropbox.com, 3
amazon.de, 7
google.com.ar, 4
amazon.in, 6
google.com.pk, 6
booking.com, 7
google.co.th, 4
tianya.cn, 5
google.com.eg, 6
china.com, 4
bbc.co.uk, 5
google.com.sa, 3
savefrom.net, 6
amazon.co.uk, 5
bbc.com, 4
fc2.com, 3
mozilla.org, 5
rakuten.co.jp, 4
uptodown.com, 6
cnn.com, 4
soundcloud.com, 4
google.com.ua, 4
quora.com, 5
amazonaws.com, 4
ask.com, 6
clicksgear.com, 5
xnxx.com, 3
google.nl, 5
nytimes.com, 7
naver.com, 4
ettoday.net, 5
adf.ly, 5
dailymotion.com, 4
google.co.za, 7
steamcommunity.com, 3
google.co.ve, 3
salesforce.com, 3
espn.com, 5
stackexchange.com, 6
blogger.com, 3
chase.com, 5
google.co.kr, 4
ebay.de, 4
vimeo.com, 5
vice.com, 4
theguardian.com, 5
blastingnews.com, 6
tribunnews.com, 5
steampowered.com, 6
chaturbate.com, 6
ebay.co.uk, 5
detik.com, 2
google.gr, 4
google.com.vn, 4
buzzfeed.com, 6
indeed.com, 3
dailymail.co.uk, 4
mediafire.com, 3
avito.ru, 4
cnet.com, 6
google.com.sg, 5
globo.com, 3
xinhuanet.com, 5
spotify.com, 5
flipkart.com, 7
ladbible.com, 4
google.com.ph, 5
google.com.co, 4
popcash.net, 5
google.be, 6
google.se, 6
deviantart.com, 4
zhihu.com, 4
google.cn, 4
roblox.com, 5
walmart.com, 5
google.az, 5
uol.com.br, 5
force.com, 3
upornia.com, 4
wikihow.com, 5
yelp.com, 5
daikynguyenvn.com, 5
w3schools.com, 5
washingtonpost.com, 6
china.com.cn, 5
godaddy.com, 6
etsy.com, 3
rambler.ru, 3
alibaba.com, 5
sogou.com, 6
nih.gov, 4
google.at, 4
hclips.com, 5
softonic.com, 5
redtube.com, 7
google.com.ng, 4
iwanttodeliver.com, 4
9gag.com, 3
slack.com, 3
google.com.pe, 5
bankofamerica.com, 3
mercadolivre.com.br, 5
4chan.org, 4
google.ro, 2
cpm10.com, 4
google.cz, 5
google.ch, 4
tripadvisor.com, 4
bet365.com, 7
gfycat.com, 5
amazon.fr, 2
discordapp.com, 5
google.cl, 4
wellsfargo.com, 4
trello.com, 3
amazon.it, 6
indiatimes.com, 6
battle.net, 5
google.pt, 6
zillow.com, 4
google.co.ao, 4
messenger.com, 4
google.no, 2
kinogo.club, 4
mama.cn, 3
gamepedia.com, 4
youporn.com, 4
forbes.com, 4
yts.ag, 4
tokopedia.com, 4
google.ae, 5
abs-cbn.com, 4
youm7.com, 3
pipeschannels.com, 5
weather.com, 5
outbrain.com, 6
ameblo.jp, 5
ikea.com, 5
kakaku.com, 4
trackmedia101.com, 4
mega.nz, 5
39.net, 4
bilibili.com, 5
google.dz, 7
huffingtonpost.com, 4
hotmovs.com, 3
speedtest.net, 6
livejournal.com, 5
reimageplus.com, 3
google.ie, 7
adexchangeprediction.com, 5
hotstar.com, 4
rarbg.to, 5
wetransfer.com, 6
ign.com, 5
doubleclick.net, 3
google.hu, 5
irctc.co.in, 4
foxnews.com, 6
aol.com, 5
google.co.il, 4
archive.org, 4
airbnb.com, 6
allegro.pl, 4
bestbuy.com, 5
amazon.cn, 4
leboncoin.fr, 5
google.dk, 5
cnblogs.com, 4
bitauto.com, 3
dingit.tv, 5
feedly.com, 4
sumatoad.com, 5
amazon.es, 5
freepik.com, 4
shutterstock.com, 5
wikimedia.org, 5
google.fi, 5
huaban.com, 3
skype.com, 5
caijing.com.cn, 5
ebay-kleinanzeigen.de, 3
businessinsider.com, 6
k618.cn, 6
breitbart.com, 6
liputan6.com, 4
kinopoisk.ru, 4
onlinevideoconverter.com, 3
wordreference.com, 4
kompas.com, 6
hdzog.com, 3
chinadaily.com.cn, 2
giphy.com, 4
sberbank.ru, 2
zippyshare.com, 3
rutracker.org, 6
spankbang.com, 5
flickr.com, 5
genius.com, 4
2ch.net, 7
tfetimes.com, 4
espncricinfo.com, 6
mediawhirl.net, 5
gamefaqs.com, 4
sourceforge.net, 3
scribd.com, 4
telegram.org, 4
researchgate.net, 3
gismeteo.ru, 3
mailchimp.com, 5
accuweather.com, 7
xfinity.com, 4
aliyun.com, 6
homedepot.com, 4
sabah.com.tr, 2
web.de, 5
eastday.com, 4
gmx.net, 2
leagueoflegends.com, 4
rumble.com, 5
asos.com, 3
varzesh3.com, 5
daum.net, 6
google.sk, 6
naver.jp, 5
medium.com, 5
ouo.io, 5
hola.com, 5
thesaurus.com, 6
shopify.com, 6
orange.fr, 5
digikala.com, 5
rt.com, 5
ndtv.com, 4
oracle.com, 4
telegraph.co.uk, 5
wordpress.org, 4
olx.ua, 5
zendesk.com, 6
amazon.ca, 4
samsung.com, 5
icloud.com, 6
cricbuzz.com, 4
gearbest.com, 4
userapi.com, 4
goodreads.com, 4
goo.ne.jp, 4
capitalone.com, 4
bukalapak.com, 4
streamable.com, 4
weebly.com, 7
taboola.com, 6
hp.com, 6
hulu.com, 5
americanexpress.com, 5
google.kz, 5
iqoption.com, 4
target.com, 3
beeg.com, 6
usps.com, 6
ci123.com, 4
kaskus.co.id, 4
weevah2.top, 2
subscene.com, 6
repubblica.it, 3
providr.com, 4
onet.pl, 5
aparat.com, 4
ups.com, 5
youdao.com, 6
evernote.com, 5
independent.co.uk, 5
canva.com, 5
hatena.ne.jp, 4
rottentomatoes.com, 5
nownews.com, 4
hdfcbank.com, 3
wittyfeed.com, 4
spiegel.de, 4
elpais.com, 5
taleo.net, 5
bet9ja.com, 5
ibm.com, 3
yesky.com, 5
boredpanda.com, 6
udemy.com, 6
livedoor.jp, 3
iqiyi.com, 6
duckduckgo.com, 4
hatenablog.com, 6
sciencedirect.com, 5
fiverr.com, 3
wp.pl, 6
mlb.com, 4
mercadolibre.com.ar, 3
go.com, 4
gyazo.com, 3
reverso.net, 3
ensonhaber.com, 4
setn.com, 2
patreon.com, 6
google.com.kw, 3
line.me, 4
jrj.com.cn, 5
myanimelist.net, 4
upwork.com, 5
intuit.com, 5
nametests.com, 4
mobileofferplace.site, 3
seasonvar.ru, 3
dell.com, 5
bloomberg.com, 5
cerpen.co.id, 6
playstation.com, 6
urbandictionary.com, 4
behance.net, 3
fedex.com, 5
groupon.com, 4
qiita.com, 4
exoclick.com, 3
box.com, 6
scribol.com, 5
doublepimp.com, 4
glassdoor.com, 7
uidai.gov.in, 5
theverge.com, 4
marca.com, 6
coinmarketcap.com, 5
wix.com, 5
slickdeals.net, 7
baike.com, 5
rediff.com, 5
google.co.nz, 5
haber7.com, 4
free.fr, 5
patch.com, 2
ultimate-guitar.com, 4
163.com, 4
zoho.com, 5
onedio.com, 2
pandora.com, 6
google.bg, 5
taringa.net, 5
sportbible.com, 5
citi.com, 5
kickstarter.com, 3
ebay.it, 2
icicibank.com, 5
seznam.cz, 5
biobiochile.cl, 5
gizmodo.com, 6
wowhead.com, 4
manoramaonline.com, 6
t-online.de, 5
lifebuzz.com, 5
lazada.co.id, 5
cnzz.com, 5
conservativetribune.com, 5
wattpad.com, 3
sahibinden.com, 5
ebay.com.au, 4
pixabay.com, 4
naukri.com, 5
yandex.ua, 6
launchpage.org, 5
umblr.com, 5
webmd.com, 4
goal.com, 6
gamer.com.tw, 3
gsmarena.com, 4
tutorialspoint.com, 6
billdesk.com, 4
libero.it, 5
reuters.com, 4
list-manage.com, 4
mercadolibre.com.mx, 2
poloniex.com, 6
paytm.com, 5
olx.pl, 5
google.lk, 4
bleacherreport.com, 6
google.rs, 5
shaparak.ir, 3
emol.com, 5
tube8.com, 5
blackboard.com, 3
pantip.com, 4
vporn.com, 6
pikabu.ru, 2
expedia.com, 5
filehippo.com, 6
friv.com, 5
usatoday.com, 5
nur.kz, 4
chatwork.com, 5
merdeka.com, 5
xda-developers.com, 4
pulseonclick.com, 5
ptt.cc, 5
vtv.vn, 5
humblebundle.com, 7
instructure.com, 2
ck101.com, 6
dictionary.com, 6
hilltopads.net, 5
wiktionary.org, 6
tvbs.com.tw, 4
nike.com, 6
porn.com, 5
uploaded.net, 3
lemonde.fr, 5
liftable.com, 4
azlyrics.com, 6
google.by, 4
att.com, 4
givemesport.com, 4
hurriyet.com.tr, 3
bild.de, 6
albawabhnews.com, 5
wsj.com, 4
asana.com, 4
tistory.com, 4
souq.com, 3
newegg.com, 4
mit.edu, 4
kapanlagi.com, 4
coinbase.com, 3
hubspot.com, 4
flirt4free.com, 3
hm.com, 5
104.com.tw, 5
drom.ru, 3
sabq.org, 5
google.com.do, 3
chip.de, 6
asus.com, 4
wiley.com, 6
elmundo.es, 6
kijiji.ca, 4
hespress.com, 6
inquirer.net, 4
tabelog.com, 5
jabong.com, 5
17ok.com, 4
hotels.com, 5
engadget.com, 4
gogoanime.io, 6
banggood.com, 5
thefreedictionary.com, 4
okta.com, 5
4shared.com, 6
npr.org, 5
comcast.net, 4
okdiario.com, 6
ouedkniss.com, 6
cambridge.org, 5
kooora.com, 3
ria.ru, 5
dmm.co.jp, 4
wunderground.com, 3
getpocket.com, 5
youjizz.com, 5
discogs.com, 7
adp.com, 5
bandcamp.com, 4
weblio.jp, 4
wish.com, 4
51sole.com, 4
animeflv.net, 4
squarespace.com, 4
ctitv.com.tw, 5
gamespot.com, 4
lolsided.com, 4
sex.com, 4
olx.com.br, 6
xe.com, 4
corriere.it, 5
techcrunch.com, 4
verizonwireless.com, 6
youboy.com, 5
milliyet.com.tr, 4
jianshu.com, 5
terraclicks.com, 6
jeuxvideo.com, 5
webex.com, 5
drtuber.com, 4
okcupid.com, 5
mbc.net, 4
badoo.com, 4
google.hr, 3
drive2.ru, 5
meetup.com, 4
nikkei.com, 5
discuss.com.hk, 6
chinaz.com, 4
mywatchseries.to, 6
lapatilla.com, 4
quizlet.com, 5
bitbucket.org, 5
douban.com, 7
mundo.com, 3
linkshrink.net, 4
thekitchn.com, 5
norton.com, 6
reallifecam.com, 6
surveymonkey.com, 5
springer.com, 5
google.com.ly, 6
blogfa.com, 6
mercadolibre.com.ve, 4
lifehacker.com, 6
thevideo.me, 6
suning.com, 4
neobux.com, 4
brilio.net, 6
coursera.org, 4
lowes.com, 4
eksisozluk.com, 3
lefigaro.fr, 4
ebay.in, 3
drudgereport.com, 4
kotaku.com, 6
lenta.ru, 6
ask.fm, 5
buyma.com, 5
myfreecams.com, 4
ccm.net, 3
uptobox.com, 6
beytoote.com, 4
cnbc.com, 5
prezi.com, 5
motherless.com, 5
newtabtv.com, 5
eskimi.com, 3
google.tn, 4
realtor.com, 5
avg.com, 5
investopedia.com, 4
ca.gov, 5
nypost.com, 5
ntd.tv, 5
discover.com, 6
rapidgator.net, 5
mobilemonetize.me, 5
mirror.co.uk, 4
infusionsoft.com, 4
kinokrad.co, 4
appledaily.com.tw, 4
academia.edu, 5
voc.com.cn, 4
cdiscount.com, 6
lenovo.com, 4
nba.com, 5
gmarket.co.kr, 5
southwest.com, 4
stockstar.com, 5
dafont.com, 4
crunchyroll.com, 4
macys.com, 4
moneycontrol.com, 7
sakura.ne.jp, 5
subito.it, 3
g2a.com, 6
grid.id, 4
kayak.com, 6
bodybuilding.com, 5
urdupoint.com, 3
fanfiction.net, 4
camdolls.com, 6
udn.com, 6
bitly.com, 6
secureserver.net, 4
divar.ir, 6
thesun.co.uk, 4
autodesk.com, 5
vnexpress.net, 3
fwbntw.com, 6
trulia.com, 4
eventbrite.com, 4
fatosdesconhecidos.com.br, 3
rbc.ru, 4
addthis.com, 6
unity3d.com, 6
caliente.mx, 2
xtube.com, 6
howtogeek.com, 5
android.com, 4
gotporn.com, 5
snapdeal.com, 6
wp.com, 7
ecosia.org, 5
westernjournalism.com, 5
investing.com, 4
cisco.com, 5
interia.pl, 5
thebalance.com, 6
elbalad.news, 5
elmogaz.com, 3
commentcamarche.net, 3
tomshardware.com, 6
el-nacional.com, 6
google.com.ec, 4
fidelity.com, 4
4pda.ru, 7
express.co.uk, 4
viva.co.id, 5
duolingo.com, 5
php.net, 7
prothom-alo.com, 5
hamariweb.com, 5
europa.eu, 5
jimdo.com, 4
indianexpress.com, 5
cpmofferconvert.com, 6
telewebion.com, 4
latimes.com, 3
how01.com, 5
techradar.com, 5
timeanddate.com, 5
zone-telechargement.ws, 3
voyeurhit.com, 4
fanpage.gr, 4
pchome.com.tw, 3
okezone.com, 4
intel.com, 6
bhphotovideo.com, 6
gazetaexpress.com, 5
uber.com, 4
disqus.com, 5
google.lt, 5
kizlarsoruyor.com, 3
grammarly.com, 4
kissasian.com, 5
hootsuite.com, 5
khanacademy.org, 4
qoolquiz.com, 5
zara.com, 3
nordstrom.com, 6
google.iq, 6
ieee.org, 6
pof.com, 5
ebay.fr, 6
mobile01.com, 4
zing.vn, 5
lifewire.com, 3
instructables.com, 3
wykop.pl, 6
my-hit.org, 5
chinaso.com, 4
kinoprofi.org, 5
deviantart.net, 3
intoday.in, 4
jw.org, 5
vidzi.tv, 6
gazeta.pl, 6
thehill.com, 4
google.com.mm, 3
delta.com, 6
prnt.sc, 5
olx.in, 4
faithtap.com, 6
mobile.de, 5
yenisafak.com, 4
gongchang.com, 3
time.com, 3
yaplakal.com, 3
y8.com, 3
58.com, 4
allrecipes.com, 5
sinoptik.ua, 5
eyny.com, 3
donga.com, 5
sapo.pt, 5
merriam-webster.com, 5
python.org, 6
sarkariresult.com, 4
popmyads.com, 4
cam4.com, 6
52pk.com, 5
usnews.com, 5
stanford.edu, 5
sporx.com, 3
cbsnews.com, 4
mangafox.me, 6
eltrack.pro, 5
myntra.com, 4
cqnews.net, 7
tebyan.net, 6
dailypakistan.com.pk, 4
ukr.net, 5
issuu.com, 5
caixa.gov.br, 6
state.gov, 4
justdial.com, 3
sputniknews.com, 2
myfitnesspal.com, 6
ticketmaster.com, 5
bittrex.com, 6
zoom.us, 4
wtoip.com, 6
xbox.com, 4
google.com.gt, 4
comicbook.com, 3
asahi.com, 5
codepen.io, 5
makemytrip.com, 4
tnctrx.com, 4
metropoles.com, 3
idnes.cz, 4
nature.com, 3
dianping.com, 5
nikkeibp.co.jp, 7
dict.cc, 4
redfin.com, 5
costco.com, 4
nbcnews.com, 4
agoda.com, 4
lazada.com.my, 4
bankmellat.ir, 5
huawei.com, 4
allocine.fr, 4
usaa.com, 6
admarketplace.net, 2
strava.com, 3
qingdaonews.com, 4
plarium.com, 6
tellonym.de, 5
idntimes.com, 6
google.si, 5
op.gg, 5
mashable.com, 3
ruten.com.tw, 4
zomato.com, 6
brazzers.com, 4
clipconverter.cc, 4
andhrajyothy.com, 5
labanquepostale.fr, 4
chron.com, 6
politico.com, 5
cbc.ca, 5
gutefrage.net, 4
torrentproject.se, 3
uzone.id, 5
focus.de, 6
google.tm, 3
united.com, 3
segmentfault.com, 6
welt.de, 5
yandex.com.tr, 5
likemag.com, 5
primevideo.com, 3
turbobit.net, 5
chouftv.ma, 4
freejobalert.com, 6
gazzetta.it, 6
perfectgirls.net, 3
lazada.com.ph, 6
tnaflix.com, 6
worldstarhiphop.com, 4
ero-advertising.com, 6
liveinternet.ru, 5
dostor.org, 4
vetogate.com, 4
digitalprivacyalert.org, 4
secure-surf.net, 4
11st.co.kr, 4
dribbble.com, 4
webtretho.com, 4
tomsguide.com, 3
imagetwist.com, 5
lun.com, 4
bookmyshow.com, 3
ancestry.com, 4
ea.com, 3
artstation.com, 7
livestrong.com, 4
piriform.com, 5
nulltheme.net, 5
wayfair.com, 5
theatlantic.com, 5
apache.org, 5
liveleak.com, 5
skysports.com, 5
polygon.com, 5
td.com, 5
pcgamer.com, 3
internetdownloadmanager.com, 6
lazada.co.th, 5
dmv.org, 3
elvenar.com, 6
avira.com, 5
vjav.com, 5
photobucket.com, 5
ryanair.com, 6
datumglobal.com, 5
pastebin.com, 5
namasha.com, 6
friendsheart.com, 4
aa.com, 5
google.com.af, 4
n11.com, 4
yjc.ir, 5
vesti.ru, 4
guancha.cn, 6
custhelp.com, 7
avast.com, 6
hepsiburada.com, 6
almasryalyoum.com, 6
elfagr.org, 4
eol.cn, 4
elwatannews.com, 4
yandex.kz, 4
itmedia.co.jp, 5
alwafd.org, 4
usbank.com, 6
dream.co.id, 4
creditkarma.com, 4
gmanetwork.com, 7
teepr.com, 5
junbi-tracker.com, 7
ipetgroup.com, 5
mileroticos.com, 6
mynavi.jp, 5
kknews.cc, 6
rightmove.co.uk, 6
tmz.com, 5
adme.ru, 6
icy-veins.com, 4
google.com.my, 5
dcard.tw, 4
1tv.ru, 4
alodokter.com, 3
wuxiaworld.com, 5
dawn.com, 5
jiameng.com, 4
nextdoor.com, 3
harvard.edu, 4
deezer.com, 5
debate.com.mx, 4
repelis.tv, 7
sanjesh.org, 3
biblegateway.com, 6
nasa.gov, 6
cbssports.com, 3
keepvid.com, 6
knowyourmeme.com, 2
pexels.com, 4
chess.com, 4
elevenia.co.id, 2
news.com.au, 5
hh.ru, 5
nmisr.com, 4
smallpdf.com, 4
pcmag.com, 5
eporner.com, 7
wired.com, 5
fishki.net, 5
ted.com, 6
india.com, 2
mobafire.com, 4
gumtree.com, 6
socialblade.com, 3
thepennyhoarder.com, 4
rutube.ru, 5
abril.com.br, 6
zhaopin.com, 6
oneindia.com, 5
ebc.net.tw, 4
mejortorrent.com, 4
rarbg.is, 7
gap.com, 5
tim.it, 4
voluumtrk.com, 5
w3school.com.cn, 3
istockphoto.com, 6
infobae.com, 6
extratorrent.ag, 6
francetvinfo.fr, 5
mysearch.com, 3
att.net, 5
auction.co.kr, 6
wetter.com, 5
sfr.fr, 4
tamilrockers.nu, 5
wenxuecity.com, 5
edx.org, 4
kohls.com, 5
ifeng.com, 5
ebay.ca, 6
sfgate.com, 4
ebates.com, 3
metro.co.uk, 4
argaam.com, 3
searchalgo.com, 7
jumia.com.ng, 5
eroterest.net, 4
twoo.com, 6
myanmarload.com, 6
aljazeera.net, 4
rozetka.com.ua, 5
dhgate.com, 4
absoluteclickscom.com, 5
123rf.com, 5
slate.com, 4
skyscanner.net, 4
gosuslugi.ru, 5
filmweb.pl, 4
cookpad.com, 5
tripadvisor.co.uk, 5
opensubtitles.org, 3
efrable.info, 5
gittigidiyor.com, 5
pelisplus.tv, 6
onclickads.net, 4
bomb01.com, 3
nuvid.com, 4
change.org, 5
gazeta.ru, 4
fotostrana.ru, 5
1fichier.com, 5
icims.com, 4
