google.com, 8
youtube.com, 10
facebook.com, 8
baidu.com, 13
wikipedia.org, 26
yahoo.com, 8
google.co.in, 15
reddit.com, 6
qq.com, 9
amazon.com, 11
taobao.com, 8
twitter.com, 11
tmall.com, 6
google.co.jp, 9
live.com, 9
vk.com, 10
instagram.com, 9
sohu.com, 10
sina.com.cn, 10
jd.com, 3
weibo.com, 10
360.cn, 6
google.de, 3
google.co.uk, 8
linkedin.com, 11
google.com.br, 10
google.fr, 8
google.ru, 6
yandex.ru, 6
netflix.com, 8
google.com.hk, 6
yahoo.co.jp, 5
google.it, 5
ebay.com, 3
google.es, 7
pornhub.com, 4
imgur.com, 7
bing.com, 6
msn.com, 5
onclkds.com, 2
twitch.tv, 5
google.com.mx, 6
google.ca, 5
tumblr.com, 7
gmw.cn, 6
alipay.com, 3
livejasmin.com, 10
xvideos.com, 8
mail.ru, 5
microsoft.com, 14
ok.ru, 6
aliexpress.com, 2
wordpress.com, 6
stackoverflow.com, 6
imdb.com, 4
github.com, 4
amazon.co.jp, 8
pinterest.com, 12
csdn.net, 4
wikia.com, 6
apple.com, 4
google.com.tr, 5
popads.net, 4
youth.cn, 5
bongacams.com, 9
paypal.com, 4
microsoftonline.com, 6
google.com.tw, 7
google.com.au, 8
whatsapp.com, 5
google.pl, 6
xhamster.com, 3
diply.com, 4
google.co.id, 3
adobe.com, 3
coccoc.com, 5
craigslist.org, 3
txxx.com, 4
dropbox.com, 4
amazon.de, 9
google.com.ar, 5
amazon.in, 12
google.com.pk, 5
booking.com, 6
google.co.th, 5
tianya.cn, 5
google.com.eg, 4
china.com, 4
bbc.co.uk, 5
google.com.sa, 2
savefrom.net, 5
amazon.co.uk, 3
bbc.com, 4
fc2.com, 2
mozilla.org, 5
rakuten.co.jp, 3
uptodown.com, 4
cnn.com, 3
soundcloud.com, 3
google.com.ua, 3
quora.com, 3
amazonaws.com, 4
ask.com, 5
clicksgear.com, 5
xnxx.com, 2
google.nl, 3
nytimes.com, 6
naver.com, 5
ettoday.net, 4
adf.ly, 7
dailymotion.com, 4
google.co.za, 6
steamcommunity.com, 3
google.co.ve, 3
salesforce.com, 2
espn.com, 5
stackexchange.com, 7
blogger.com, 3
chase.com, 4
google.co.kr, 3
ebay.de, 4
vimeo.com, 4
vice.com, 3
theguardian.com, 5
blastingnews.com, 9
tribunnews.com, 4
steampowered.com, 7
chaturbate.com, 4
ebay.co.uk, 3
detik.com, 2
google.gr, 2
google.com.vn, 4
buzzfeed.com, 4
indeed.com, 3
dailymail.co.uk, 4
mediafire.com, 3
avito.ru, 4
cnet.com, 4
google.com.sg, 5
globo.com, 3
xinhuanet.com, 4
spotify.com, 5
flipkart.com, 9
ladbible.com, 3
google.com.ph, 6
google.com.co, 5
popcash.net, 3
google.be, 4
google.se, 3
deviantart.com, 3
zhihu.com, 4
google.cn, 3
roblox.com, 5
walmart.com, 3
google.az, 4
uol.com.br, 3
force.com, 2
upornia.com, 4
wikihow.com, 3
yelp.com, 3
daikynguyenvn.com, 5
w3schools.com, 5
washingtonpost.com, 5
china.com.cn, 4
godaddy.com, 6
etsy.com, 2
rambler.ru, 2
alibaba.com, 4
sogou.com, 7
nih.gov, 3
google.at, 5
hclips.com, 6
softonic.com, 4
redtube.com, 5
google.com.ng, 4
iwanttodeliver.com, 4
9gag.com, 2
slack.com, 2
google.com.pe, 3
bankofamerica.com, 3
mercadolivre.com.br, 4
4chan.org, 3
google.ro, 2
cpm10.com, 2
google.cz, 4
google.ch, 4
tripadvisor.com, 2
bet365.com, 4
gfycat.com, 4
amazon.fr, 2
discordapp.com, 3
google.cl, 3
wellsfargo.com, 4
trello.com, 2
amazon.it, 4
indiatimes.com, 4
battle.net, 6
google.pt, 5
zillow.com, 3
google.co.ao, 3
messenger.com, 3
google.no, 2
kinogo.club, 14
mama.cn, 3
gamepedia.com, 3
youporn.com, 5
forbes.com, 3
yts.ag, 4
tokopedia.com, 3
google.ae, 5
abs-cbn.com, 4
youm7.com, 2
pipeschannels.com, 4
weather.com, 7
outbrain.com, 5
ameblo.jp, 4
ikea.com, 5
kakaku.com, 4
trackmedia101.com, 3
mega.nz, 3
39.net, 4
bilibili.com, 5
google.dz, 7
huffingtonpost.com, 5
hotmovs.com, 3
speedtest.net, 7
livejournal.com, 4
reimageplus.com, 4
google.ie, 4
adexchangeprediction.com, 4
hotstar.com, 3
rarbg.to, 3
wetransfer.com, 4
ign.com, 5
doubleclick.net, 3
google.hu, 4
irctc.co.in, 3
foxnews.com, 5
aol.com, 4
google.co.il, 3
archive.org, 3
airbnb.com, 4
allegro.pl, 3
bestbuy.com, 5
amazon.cn, 2
leboncoin.fr, 3
google.dk, 3
cnblogs.com, 4
bitauto.com, 3
dingit.tv, 4
feedly.com, 3
sumatoad.com, 4
amazon.es, 5
freepik.com, 4
shutterstock.com, 6
wikimedia.org, 4
google.fi, 3
huaban.com, 2
skype.com, 3
caijing.com.cn, 3
ebay-kleinanzeigen.de, 2
businessinsider.com, 4
k618.cn, 5
breitbart.com, 4
liputan6.com, 3
kinopoisk.ru, 4
onlinevideoconverter.com, 3
wordreference.com, 3
kompas.com, 4
hdzog.com, 2
chinadaily.com.cn, 2
giphy.com, 4
sberbank.ru, 2
zippyshare.com, 4
rutracker.org, 7
spankbang.com, 3
flickr.com, 3
genius.com, 4
2ch.net, 5
tfetimes.com, 3
espncricinfo.com, 5
mediawhirl.net, 5
gamefaqs.com, 3
sourceforge.net, 2
scribd.com, 3
telegram.org, 3
researchgate.net, 3
gismeteo.ru, 4
mailchimp.com, 5
accuweather.com, 4
xfinity.com, 4
aliyun.com, 4
homedepot.com, 3
sabah.com.tr, 2
web.de, 4
eastday.com, 3
gmx.net, 2
leagueoflegends.com, 3
rumble.com, 3
asos.com, 3
varzesh3.com, 4
daum.net, 3
google.sk, 6
naver.jp, 4
medium.com, 4
ouo.io, 3
hola.com, 3
thesaurus.com, 3
shopify.com, 4
orange.fr, 4
digikala.com, 3
rt.com, 3
ndtv.com, 3
oracle.com, 3
telegraph.co.uk, 4
wordpress.org, 3
olx.ua, 4
zendesk.com, 4
amazon.ca, 3
samsung.com, 4
icloud.com, 4
cricbuzz.com, 3
gearbest.com, 3
userapi.com, 4
goodreads.com, 3
goo.ne.jp, 3
capitalone.com, 3
bukalapak.com, 3
streamable.com, 3
weebly.com, 5
taboola.com, 4
hp.com, 4
hulu.com, 3
americanexpress.com, 5
google.kz, 4
iqoption.com, 3
target.com, 2
beeg.com, 4
usps.com, 5
ci123.com, 3
kaskus.co.id, 3
weevah2.top, 3
subscene.com, 4
repubblica.it, 2
providr.com, 3
onet.pl, 4
aparat.com, 3
ups.com, 4
youdao.com, 4
evernote.com, 4
independent.co.uk, 5
canva.com, 4
hatena.ne.jp, 3
rottentomatoes.com, 5
nownews.com, 3
hdfcbank.com, 3
wittyfeed.com, 3
spiegel.de, 3
elpais.com, 3
taleo.net, 4
bet9ja.com, 3
ibm.com, 2
yesky.com, 3
boredpanda.com, 5
udemy.com, 8
livedoor.jp, 3
iqiyi.com, 4
duckduckgo.com, 3
hatenablog.com, 4
sciencedirect.com, 3
fiverr.com, 2
wp.pl, 4
mlb.com, 3
mercadolibre.com.ar, 3
go.com, 4
gyazo.com, 3
reverso.net, 3
ensonhaber.com, 3
setn.com, 2
patreon.com, 4
google.com.kw, 4
line.me, 3
jrj.com.cn, 4
myanimelist.net, 3
upwork.com, 3
intuit.com, 4
nametests.com, 3
mobileofferplace.site, 3
seasonvar.ru, 3
dell.com, 4
bloomberg.com, 5
cerpen.co.id, 3
playstation.com, 4
urbandictionary.com, 3
behance.net, 3
fedex.com, 4
groupon.com, 4
qiita.com, 3
exoclick.com, 2
box.com, 4
scribol.com, 3
doublepimp.com, 3
glassdoor.com, 5
uidai.gov.in, 13
theverge.com, 3
marca.com, 4
coinmarketcap.com, 3
wix.com, 3
slickdeals.net, 4
baike.com, 3
rediff.com, 4
google.co.nz, 4
haber7.com, 3
free.fr, 4
patch.com, 2
ultimate-guitar.com, 4
163.com, 3
zoho.com, 3
onedio.com, 2
pandora.com, 4
google.bg, 4
taringa.net, 6
sportbible.com, 4
citi.com, 3
kickstarter.com, 2
ebay.it, 2
icicibank.com, 4
seznam.cz, 4
biobiochile.cl, 3
gizmodo.com, 4
wowhead.com, 3
manoramaonline.com, 4
t-online.de, 4
lifebuzz.com, 4
lazada.co.id, 4
cnzz.com, 4
conservativetribune.com, 4
wattpad.com, 2
sahibinden.com, 4
ebay.com.au, 3
pixabay.com, 2
naukri.com, 4
yandex.ua, 4
launchpage.org, 4
umblr.com, 4
webmd.com, 4
goal.com, 4
gamer.com.tw, 3
gsmarena.com, 5
tutorialspoint.com, 4
billdesk.com, 2
libero.it, 4
reuters.com, 3
list-manage.com, 2
mercadolibre.com.mx, 2
poloniex.com, 4
paytm.com, 4
olx.pl, 3
google.lk, 3
bleacherreport.com, 4
google.rs, 3
shaparak.ir, 2
emol.com, 3
tube8.com, 4
blackboard.com, 3
pantip.com, 3
vporn.com, 4
pikabu.ru, 2
expedia.com, 4
filehippo.com, 4
friv.com, 3
usatoday.com, 4
nur.kz, 3
chatwork.com, 4
merdeka.com, 4
xda-developers.com, 3
pulseonclick.com, 3
ptt.cc, 4
vtv.vn, 4
humblebundle.com, 5
instructure.com, 2
ck101.com, 4
dictionary.com, 5
hilltopads.net, 3
wiktionary.org, 4
tvbs.com.tw, 3
nike.com, 4
porn.com, 4
uploaded.net, 2
lemonde.fr, 3
liftable.com, 3
azlyrics.com, 4
google.by, 3
att.com, 3
givemesport.com, 3
hurriyet.com.tr, 3
bild.de, 4
albawabhnews.com, 3
wsj.com, 3
asana.com, 3
tistory.com, 3
souq.com, 2
newegg.com, 3
mit.edu, 3
kapanlagi.com, 4
coinbase.com, 3
hubspot.com, 3
flirt4free.com, 2
hm.com, 3
104.com.tw, 4
drom.ru, 3
sabq.org, 4
google.com.do, 3
chip.de, 4
asus.com, 3
wiley.com, 5
elmundo.es, 4
kijiji.ca, 2
hespress.com, 4
inquirer.net, 3
tabelog.com, 3
jabong.com, 4
17ok.com, 3
hotels.com, 3
engadget.com, 3
gogoanime.io, 4
banggood.com, 4
thefreedictionary.com, 3
okta.com, 3
4shared.com, 4
npr.org, 4
comcast.net, 3
okdiario.com, 4
ouedkniss.com, 4
cambridge.org, 3
kooora.com, 2
ria.ru, 3
dmm.co.jp, 4
wunderground.com, 3
getpocket.com, 4
youjizz.com, 4
discogs.com, 5
adp.com, 4
bandcamp.com, 3
weblio.jp, 3
wish.com, 3
51sole.com, 3
animeflv.net, 3
squarespace.com, 2
ctitv.com.tw, 3
gamespot.com, 3
lolsided.com, 2
sex.com, 3
olx.com.br, 4
xe.com, 3
corriere.it, 3
techcrunch.com, 3
verizonwireless.com, 4
youboy.com, 4
milliyet.com.tr, 3
jianshu.com, 3
terraclicks.com, 4
jeuxvideo.com, 3
webex.com, 4
drtuber.com, 3
okcupid.com, 3
mbc.net, 3
badoo.com, 3
google.hr, 3
drive2.ru, 3
meetup.com, 3
nikkei.com, 4
discuss.com.hk, 5
chinaz.com, 4
mywatchseries.to, 4
lapatilla.com, 3
quizlet.com, 4
bitbucket.org, 4
douban.com, 5
mundo.com, 3
linkshrink.net, 4
thekitchn.com, 4
norton.com, 4
reallifecam.com, 4
surveymonkey.com, 4
springer.com, 4
google.com.ly, 4
blogfa.com, 4
mercadolibre.com.ve, 3
lifehacker.com, 4
thevideo.me, 5
suning.com, 3
neobux.com, 5
brilio.net, 4
coursera.org, 3
lowes.com, 2
eksisozluk.com, 2
lefigaro.fr, 3
ebay.in, 2
drudgereport.com, 3
kotaku.com, 4
lenta.ru, 5
ask.fm, 3
buyma.com, 5
myfreecams.com, 3
ccm.net, 2
uptobox.com, 4
beytoote.com, 3
cnbc.com, 3
prezi.com, 4
motherless.com, 3
newtabtv.com, 4
eskimi.com, 3
google.tn, 3
realtor.com, 4
avg.com, 3
investopedia.com, 3
ca.gov, 4
nypost.com, 4
ntd.tv, 4
discover.com, 4
rapidgator.net, 4
mobilemonetize.me, 4
mirror.co.uk, 3
infusionsoft.com, 3
kinokrad.co, 3
appledaily.com.tw, 3
academia.edu, 3
voc.com.cn, 2
cdiscount.com, 4
lenovo.com, 3
nba.com, 3
gmarket.co.kr, 11
southwest.com, 4
stockstar.com, 4
dafont.com, 3
crunchyroll.com, 3
macys.com, 3
moneycontrol.com, 5
sakura.ne.jp, 4
subito.it, 3
g2a.com, 3
grid.id, 3
kayak.com, 3
bodybuilding.com, 4
urdupoint.com, 3
fanfiction.net, 3
camdolls.com, 4
udn.com, 4
bitly.com, 4
secureserver.net, 3
divar.ir, 4
thesun.co.uk, 4
autodesk.com, 4
vnexpress.net, 4
fwbntw.com, 4
trulia.com, 3
eventbrite.com, 3
fatosdesconhecidos.com.br, 2
rbc.ru, 3
addthis.com, 4
unity3d.com, 4
caliente.mx, 2
xtube.com, 4
howtogeek.com, 3
android.com, 3
gotporn.com, 4
snapdeal.com, 4
wp.com, 5
ecosia.org, 3
westernjournalism.com, 4
investing.com, 2
cisco.com, 3
interia.pl, 4
thebalance.com, 4
elbalad.news, 3
elmogaz.com, 2
commentcamarche.net, 15
tomshardware.com, 4
el-nacional.com, 4
google.com.ec, 4
fidelity.com, 3
4pda.ru, 4
express.co.uk, 3
viva.co.id, 4
duolingo.com, 4
php.net, 5
prothom-alo.com, 3
hamariweb.com, 3
europa.eu, 3
jimdo.com, 3
indianexpress.com, 4
cpmofferconvert.com, 4
telewebion.com, 2
latimes.com, 2
how01.com, 3
techradar.com, 3
timeanddate.com, 3
zone-telechargement.ws, 2
voyeurhit.com, 3
fanpage.gr, 3
pchome.com.tw, 4
okezone.com, 3
intel.com, 4
bhphotovideo.com, 4
gazetaexpress.com, 3
uber.com, 3
disqus.com, 3
google.lt, 3
kizlarsoruyor.com, 2
grammarly.com, 3
kissasian.com, 4
hootsuite.com, 3
khanacademy.org, 2
qoolquiz.com, 4
zara.com, 2
nordstrom.com, 4
google.iq, 5
ieee.org, 4
pof.com, 3
ebay.fr, 4
mobile01.com, 2
zing.vn, 3
lifewire.com, 3
instructables.com, 3
wykop.pl, 4
my-hit.org, 4
chinaso.com, 3
kinoprofi.org, 4
deviantart.net, 3
intoday.in, 3
jw.org, 3
vidzi.tv, 4
gazeta.pl, 4
thehill.com, 5
google.com.mm, 2
delta.com, 4
prnt.sc, 4
olx.in, 4
faithtap.com, 5
mobile.de, 4
yenisafak.com, 4
gongchang.com, 3
time.com, 19
yaplakal.com, 3
y8.com, 3
58.com, 3
allrecipes.com, 3
sinoptik.ua, 3
eyny.com, 3
donga.com, 4
sapo.pt, 4
merriam-webster.com, 4
python.org, 3
sarkariresult.com, 3
popmyads.com, 3
cam4.com, 4
52pk.com, 4
usnews.com, 4
stanford.edu, 4
sporx.com, 3
cbsnews.com, 3
mangafox.me, 4
eltrack.pro, 3
myntra.com, 3
cqnews.net, 5
tebyan.net, 4
dailypakistan.com.pk, 3
ukr.net, 3
issuu.com, 4
caixa.gov.br, 4
state.gov, 4
justdial.com, 3
sputniknews.com, 2
myfitnesspal.com, 5
ticketmaster.com, 4
bittrex.com, 4
zoom.us, 3
wtoip.com, 4
xbox.com, 3
google.com.gt, 3
comicbook.com, 3
asahi.com, 4
codepen.io, 4
makemytrip.com, 3
tnctrx.com, 4
metropoles.com, 2
idnes.cz, 3
nature.com, 2
dianping.com, 3
nikkeibp.co.jp, 5
dict.cc, 3
redfin.com, 4
costco.com, 3
nbcnews.com, 3
agoda.com, 4
lazada.com.my, 3
bankmellat.ir, 3
huawei.com, 3
allocine.fr, 3
usaa.com, 4
admarketplace.net, 2
strava.com, 2
qingdaonews.com, 3
plarium.com, 4
tellonym.de, 3
idntimes.com, 4
google.si, 4
op.gg, 3
mashable.com, 2
ruten.com.tw, 3
zomato.com, 4
brazzers.com, 3
clipconverter.cc, 2
andhrajyothy.com, 4
labanquepostale.fr, 3
chron.com, 4
politico.com, 4
cbc.ca, 4
gutefrage.net, 3
torrentproject.se, 2
uzone.id, 3
focus.de, 4
google.tm, 2
united.com, 3
segmentfault.com, 4
welt.de, 4
yandex.com.tr, 4
likemag.com, 4
primevideo.com, 11
turbobit.net, 4
chouftv.ma, 3
freejobalert.com, 4
gazzetta.it, 4
perfectgirls.net, 3
lazada.com.ph, 5
tnaflix.com, 4
worldstarhiphop.com, 3
ero-advertising.com, 4
liveinternet.ru, 4
dostor.org, 3
vetogate.com, 3
digitalprivacyalert.org, 3
secure-surf.net, 3
11st.co.kr, 3
dribbble.com, 2
webtretho.com, 2
tomsguide.com, 2
imagetwist.com, 3
lun.com, 2
bookmyshow.com, 3
ancestry.com, 2
ea.com, 3
artstation.com, 5
livestrong.com, 3
piriform.com, 4
nulltheme.net, 4
wayfair.com, 3
theatlantic.com, 3
apache.org, 3
liveleak.com, 3
skysports.com, 4
polygon.com, 3
td.com, 3
pcgamer.com, 2
internetdownloadmanager.com, 4
lazada.co.th, 4
dmv.org, 2
elvenar.com, 3
avira.com, 3
vjav.com, 3
photobucket.com, 3
ryanair.com, 4
datumglobal.com, 4
pastebin.com, 4
namasha.com, 4
friendsheart.com, 2
aa.com, 4
google.com.af, 3
n11.com, 2
yjc.ir, 3
vesti.ru, 2
guancha.cn, 4
custhelp.com, 4
avast.com, 4
hepsiburada.com, 3
almasryalyoum.com, 4
elfagr.org, 3
eol.cn, 3
elwatannews.com, 3
yandex.kz, 3
itmedia.co.jp, 4
alwafd.org, 2
usbank.com, 4
dream.co.id, 3
creditkarma.com, 3
gmanetwork.com, 4
teepr.com, 3
junbi-tracker.com, 4
ipetgroup.com, 3
mileroticos.com, 3
mynavi.jp, 3
kknews.cc, 4
rightmove.co.uk, 4
tmz.com, 3
adme.ru, 4
icy-veins.com, 3
google.com.my, 3
dcard.tw, 3
1tv.ru, 2
alodokter.com, 3
wuxiaworld.com, 3
dawn.com, 3
jiameng.com, 2
nextdoor.com, 2
harvard.edu, 2
deezer.com, 3
debate.com.mx, 3
repelis.tv, 5
sanjesh.org, 2
biblegateway.com, 4
nasa.gov, 3
cbssports.com, 3
keepvid.com, 3
knowyourmeme.com, 2
pexels.com, 3
chess.com, 3
elevenia.co.id, 1
news.com.au, 3
hh.ru, 4
nmisr.com, 3
smallpdf.com, 3
pcmag.com, 4
eporner.com, 4
wired.com, 4
fishki.net, 3
ted.com, 4
india.com, 2
mobafire.com, 3
gumtree.com, 4
socialblade.com, 4
thepennyhoarder.com, 3
rutube.ru, 4
abril.com.br, 4
zhaopin.com, 5
oneindia.com, 4
ebc.net.tw, 3
mejortorrent.com, 2
rarbg.is, 5
gap.com, 4
tim.it, 3
voluumtrk.com, 3
w3school.com.cn, 2
istockphoto.com, 4
infobae.com, 3
extratorrent.ag, 4
francetvinfo.fr, 4
mysearch.com, 3
att.net, 4
auction.co.kr, 4
wetter.com, 3
sfr.fr, 2
tamilrockers.nu, 3
wenxuecity.com, 3
edx.org, 3
kohls.com, 4
ifeng.com, 4
ebay.ca, 5
sfgate.com, 3
ebates.com, 3
metro.co.uk, 3
argaam.com, 2
searchalgo.com, 5
jumia.com.ng, 4
eroterest.net, 3
twoo.com, 4
myanmarload.com, 4
aljazeera.net, 3
rozetka.com.ua, 4
dhgate.com, 2
absoluteclickscom.com, 4
123rf.com, 4
slate.com, 3
skyscanner.net, 3
gosuslugi.ru, 4
filmweb.pl, 3
cookpad.com, 3
tripadvisor.co.uk, 3
opensubtitles.org, 2
efrable.info, 3
gittigidiyor.com, 3
pelisplus.tv, 4
onclickads.net, 3
bomb01.com, 2
nuvid.com, 3
change.org, 3
gazeta.ru, 3
fotostrana.ru, 3
1fichier.com, 4
icims.com, 3
