google.com, 72
youtube.com, 70
facebook.com, 84
baidu.com, 75
wikipedia.org, 70
yahoo.com, 50
google.co.in, 53
reddit.com, 55
qq.com, 57
amazon.com, 44
taobao.com, 78
twitter.com, 61
tmall.com, 47
google.co.jp, 40
live.com, 63
vk.com, 67
instagram.com, 52
sohu.com, 33
sina.com.cn, 39
jd.com, 76
weibo.com, 29
360.cn, 38
google.de, 42
google.co.uk, 53
linkedin.com, 55
google.com.br, 53
google.fr, 46
google.ru, 33
yandex.ru, 41
netflix.com, 51
google.com.hk, 81
yahoo.co.jp, 36
google.it, 41
ebay.com, 34
google.es, 48
pornhub.com, 58
imgur.com, 49
bing.com, 56
msn.com, 41
onclkds.com, 68
twitch.tv, 51
google.com.mx, 69
google.ca, 44
tumblr.com, 45
gmw.cn, 34
alipay.com, 68
livejasmin.com, 77
xvideos.com, 46
mail.ru, 24
microsoft.com, 52
ok.ru, 37
aliexpress.com, 63
wordpress.com, 39
stackoverflow.com, 66
imdb.com, 67
github.com, 65
amazon.co.jp, 53
pinterest.com, 66
csdn.net, 64
wikia.com, 54
apple.com, 31
google.com.tr, 52
popads.net, 27
youth.cn, 56
bongacams.com, 40
paypal.com, 51
microsoftonline.com, 40
google.com.tw, 49
google.com.au, 52
whatsapp.com, 42
google.pl, 58
xhamster.com, 43
diply.com, 23
google.co.id, 52
adobe.com, 48
coccoc.com, 34
craigslist.org, 33
txxx.com, 63
dropbox.com, 30
amazon.de, 41
google.com.ar, 38
amazon.in, 34
google.com.pk, 48
booking.com, 51
google.co.th, 16
tianya.cn, 47
google.com.eg, 34
china.com, 46
bbc.co.uk, 38
google.com.sa, 26
savefrom.net, 32
amazon.co.uk, 49
bbc.com, 40
fc2.com, 47
mozilla.org, 36
rakuten.co.jp, 53
uptodown.com, 35
cnn.com, 38
soundcloud.com, 50
google.com.ua, 43
quora.com, 51
amazonaws.com, 49
ask.com, 41
clicksgear.com, 22
xnxx.com, 32
google.nl, 44
nytimes.com, 24
naver.com, 27
ettoday.net, 93
adf.ly, 15
dailymotion.com, 46
google.co.za, 64
steamcommunity.com, 36
google.co.ve, 56
salesforce.com, 39
espn.com, 44
stackexchange.com, 54
blogger.com, 44
chase.com, 41
google.co.kr, 57
ebay.de, 50
vimeo.com, 45
vice.com, 64
theguardian.com, 51
blastingnews.com, 37
tribunnews.com, 77
steampowered.com, 29
chaturbate.com, 54
ebay.co.uk, 43
detik.com, 30
google.gr, 29
google.com.vn, 26
buzzfeed.com, 18
indeed.com, 25
dailymail.co.uk, 29
mediafire.com, 33
avito.ru, 43
cnet.com, 47
google.com.sg, 25
globo.com, 64
xinhuanet.com, 25
spotify.com, 41
flipkart.com, 65
ladbible.com, 39
google.com.ph, 44
google.com.co, 49
popcash.net, 32
google.be, 32
google.se, 42
deviantart.com, 42
zhihu.com, 29
google.cn, 52
roblox.com, 47
walmart.com, 42
google.az, 48
uol.com.br, 56
force.com, 58
upornia.com, 64
wikihow.com, 42
yelp.com, 34
daikynguyenvn.com, 34
w3schools.com, 56
washingtonpost.com, 45
china.com.cn, 49
godaddy.com, 48
etsy.com, 61
rambler.ru, 43
alibaba.com, 41
sogou.com, 45
nih.gov, 60
google.at, 36
hclips.com, 56
softonic.com, 39
redtube.com, 44
google.com.ng, 54
iwanttodeliver.com, 21
9gag.com, 32
slack.com, 41
google.com.pe, 33
bankofamerica.com, 39
mercadolivre.com.br, 36
4chan.org, 50
google.ro, 43
cpm10.com, 41
google.cz, 52
google.ch, 68
tripadvisor.com, 37
bet365.com, 28
gfycat.com, 60
amazon.fr, 49
discordapp.com, 53
google.cl, 53
wellsfargo.com, 29
trello.com, 37
amazon.it, 44
indiatimes.com, 43
battle.net, 69
google.pt, 48
zillow.com, 33
google.co.ao, 33
messenger.com, 72
google.no, 47
kinogo.club, 51
mama.cn, 41
gamepedia.com, 24
youporn.com, 28
forbes.com, 58
yts.ag, 37
tokopedia.com, 35
google.ae, 30
abs-cbn.com, 48
youm7.com, 57
pipeschannels.com, 33
weather.com, 39
outbrain.com, 45
ameblo.jp, 56
ikea.com, 38
kakaku.com, 39
trackmedia101.com, 40
mega.nz, 29
39.net, 66
bilibili.com, 44
google.dz, 47
huffingtonpost.com, 48
hotmovs.com, 31
speedtest.net, 57
livejournal.com, 37
reimageplus.com, 35
google.ie, 35
adexchangeprediction.com, 51
hotstar.com, 60
rarbg.to, 35
wetransfer.com, 53
ign.com, 45
doubleclick.net, 52
google.hu, 19
irctc.co.in, 21
foxnews.com, 46
aol.com, 54
google.co.il, 40
archive.org, 42
airbnb.com, 45
allegro.pl, 38
bestbuy.com, 28
amazon.cn, 41
leboncoin.fr, 51
google.dk, 31
cnblogs.com, 64
bitauto.com, 41
dingit.tv, 39
feedly.com, 45
sumatoad.com, 48
amazon.es, 38
freepik.com, 29
shutterstock.com, 33
wikimedia.org, 52
google.fi, 34
huaban.com, 35
skype.com, 39
caijing.com.cn, 32
ebay-kleinanzeigen.de, 61
businessinsider.com, 38
k618.cn, 45
breitbart.com, 33
liputan6.com, 54
kinopoisk.ru, 66
onlinevideoconverter.com, 46
wordreference.com, 77
kompas.com, 37
hdzog.com, 50
chinadaily.com.cn, 41
giphy.com, 38
sberbank.ru, 15
zippyshare.com, 45
rutracker.org, 48
spankbang.com, 57
flickr.com, 44
genius.com, 46
2ch.net, 31
tfetimes.com, 56
espncricinfo.com, 55
mediawhirl.net, 40
gamefaqs.com, 47
sourceforge.net, 43
scribd.com, 36
telegram.org, 22
researchgate.net, 51
gismeteo.ru, 43
mailchimp.com, 58
accuweather.com, 44
xfinity.com, 33
aliyun.com, 44
homedepot.com, 46
sabah.com.tr, 34
web.de, 37
eastday.com, 39
gmx.net, 39
leagueoflegends.com, 37
rumble.com, 37
asos.com, 50
varzesh3.com, 46
daum.net, 54
google.sk, 67
naver.jp, 26
medium.com, 44
ouo.io, 49
hola.com, 32
thesaurus.com, 40
shopify.com, 41
orange.fr, 38
digikala.com, 44
rt.com, 40
ndtv.com, 44
oracle.com, 52
telegraph.co.uk, 55
wordpress.org, 37
olx.ua, 34
zendesk.com, 52
amazon.ca, 45
samsung.com, 35
icloud.com, 36
cricbuzz.com, 25
gearbest.com, 50
userapi.com, 46
goodreads.com, 36
goo.ne.jp, 29
capitalone.com, 43
bukalapak.com, 63
streamable.com, 42
weebly.com, 41
taboola.com, 48
hp.com, 28
hulu.com, 39
americanexpress.com, 31
google.kz, 35
iqoption.com, 47
target.com, 35
beeg.com, 30
usps.com, 31
ci123.com, 49
kaskus.co.id, 42
weevah2.top, 34
subscene.com, 48
repubblica.it, 42
providr.com, 57
onet.pl, 70
aparat.com, 41
ups.com, 50
youdao.com, 44
evernote.com, 42
independent.co.uk, 44
canva.com, 38
hatena.ne.jp, 26
rottentomatoes.com, 40
nownews.com, 38
hdfcbank.com, 53
wittyfeed.com, 54
spiegel.de, 38
elpais.com, 43
taleo.net, 52
bet9ja.com, 33
ibm.com, 66
yesky.com, 41
boredpanda.com, 37
udemy.com, 55
livedoor.jp, 25
iqiyi.com, 26
duckduckgo.com, 33
hatenablog.com, 34
sciencedirect.com, 70
fiverr.com, 50
wp.pl, 31
mlb.com, 61
mercadolibre.com.ar, 37
go.com, 41
gyazo.com, 44
reverso.net, 35
ensonhaber.com, 38
setn.com, 56
patreon.com, 42
google.com.kw, 41
line.me, 36
jrj.com.cn, 62
myanimelist.net, 39
upwork.com, 43
intuit.com, 57
nametests.com, 51
mobileofferplace.site, 51
seasonvar.ru, 33
dell.com, 25
bloomberg.com, 27
cerpen.co.id, 37
playstation.com, 32
urbandictionary.com, 36
behance.net, 43
fedex.com, 51
groupon.com, 44
qiita.com, 40
exoclick.com, 52
box.com, 36
scribol.com, 33
doublepimp.com, 43
glassdoor.com, 40
uidai.gov.in, 30
theverge.com, 60
marca.com, 56
coinmarketcap.com, 36
wix.com, 30
slickdeals.net, 53
baike.com, 54
rediff.com, 30
google.co.nz, 41
haber7.com, 48
free.fr, 37
patch.com, 29
ultimate-guitar.com, 22
163.com, 36
zoho.com, 39
onedio.com, 46
pandora.com, 50
google.bg, 41
taringa.net, 58
sportbible.com, 33
citi.com, 22
kickstarter.com, 53
ebay.it, 37
icicibank.com, 59
seznam.cz, 48
biobiochile.cl, 52
gizmodo.com, 46
wowhead.com, 36
manoramaonline.com, 61
t-online.de, 33
lifebuzz.com, 34
lazada.co.id, 41
cnzz.com, 38
conservativetribune.com, 38
wattpad.com, 63
sahibinden.com, 37
ebay.com.au, 44
pixabay.com, 57
naukri.com, 23
yandex.ua, 37
launchpage.org, 31
umblr.com, 44
webmd.com, 68
goal.com, 26
gamer.com.tw, 49
gsmarena.com, 39
tutorialspoint.com, 49
billdesk.com, 42
libero.it, 79
reuters.com, 42
list-manage.com, 51
mercadolibre.com.mx, 37
poloniex.com, 23
paytm.com, 48
olx.pl, 40
google.lk, 43
bleacherreport.com, 38
google.rs, 20
shaparak.ir, 57
emol.com, 53
tube8.com, 35
blackboard.com, 46
pantip.com, 29
vporn.com, 14
pikabu.ru, 65
expedia.com, 35
filehippo.com, 30
friv.com, 52
usatoday.com, 40
nur.kz, 38
chatwork.com, 53
merdeka.com, 35
xda-developers.com, 44
pulseonclick.com, 42
ptt.cc, 37
vtv.vn, 29
humblebundle.com, 61
instructure.com, 36
ck101.com, 53
dictionary.com, 54
hilltopads.net, 30
wiktionary.org, 35
tvbs.com.tw, 60
nike.com, 40
porn.com, 46
uploaded.net, 37
lemonde.fr, 48
liftable.com, 50
azlyrics.com, 42
google.by, 57
att.com, 36
givemesport.com, 31
hurriyet.com.tr, 47
bild.de, 63
albawabhnews.com, 57
wsj.com, 39
asana.com, 32
tistory.com, 54
souq.com, 41
newegg.com, 56
mit.edu, 22
kapanlagi.com, 41
coinbase.com, 52
hubspot.com, 33
flirt4free.com, 33
hm.com, 63
104.com.tw, 47
drom.ru, 38
sabq.org, 43
google.com.do, 44
chip.de, 49
asus.com, 44
wiley.com, 53
elmundo.es, 51
kijiji.ca, 50
hespress.com, 42
inquirer.net, 27
tabelog.com, 46
jabong.com, 47
17ok.com, 44
hotels.com, 30
engadget.com, 42
gogoanime.io, 59
banggood.com, 37
thefreedictionary.com, 45
okta.com, 57
4shared.com, 42
npr.org, 74
comcast.net, 46
okdiario.com, 37
ouedkniss.com, 41
cambridge.org, 47
kooora.com, 50
ria.ru, 32
dmm.co.jp, 74
wunderground.com, 61
getpocket.com, 38
youjizz.com, 47
discogs.com, 46
adp.com, 42
bandcamp.com, 50
weblio.jp, 41
wish.com, 42
51sole.com, 28
animeflv.net, 33
squarespace.com, 30
ctitv.com.tw, 58
gamespot.com, 40
lolsided.com, 62
sex.com, 40
olx.com.br, 52
xe.com, 51
corriere.it, 41
techcrunch.com, 40
verizonwireless.com, 69
youboy.com, 33
milliyet.com.tr, 37
jianshu.com, 31
terraclicks.com, 30
jeuxvideo.com, 53
webex.com, 56
drtuber.com, 48
okcupid.com, 32
mbc.net, 43
badoo.com, 40
google.hr, 40
drive2.ru, 58
meetup.com, 23
nikkei.com, 30
discuss.com.hk, 56
chinaz.com, 35
mywatchseries.to, 45
lapatilla.com, 46
quizlet.com, 31
bitbucket.org, 56
douban.com, 61
mundo.com, 40
linkshrink.net, 30
thekitchn.com, 37
norton.com, 49
reallifecam.com, 53
surveymonkey.com, 50
springer.com, 34
google.com.ly, 50
blogfa.com, 35
mercadolibre.com.ve, 43
lifehacker.com, 43
thevideo.me, 28
suning.com, 42
neobux.com, 35
brilio.net, 61
coursera.org, 31
lowes.com, 47
eksisozluk.com, 38
lefigaro.fr, 52
ebay.in, 42
drudgereport.com, 42
kotaku.com, 50
lenta.ru, 52
ask.fm, 37
buyma.com, 42
myfreecams.com, 37
ccm.net, 56
uptobox.com, 29
beytoote.com, 53
cnbc.com, 55
prezi.com, 36
motherless.com, 28
newtabtv.com, 57
eskimi.com, 42
google.tn, 44
realtor.com, 52
avg.com, 54
investopedia.com, 39
ca.gov, 48
nypost.com, 42
ntd.tv, 40
discover.com, 30
rapidgator.net, 57
mobilemonetize.me, 19
mirror.co.uk, 32
infusionsoft.com, 39
kinokrad.co, 42
appledaily.com.tw, 40
academia.edu, 32
voc.com.cn, 49
cdiscount.com, 45
lenovo.com, 36
nba.com, 40
gmarket.co.kr, 65
southwest.com, 47
stockstar.com, 36
dafont.com, 34
crunchyroll.com, 48
macys.com, 21
moneycontrol.com, 50
sakura.ne.jp, 34
subito.it, 53
g2a.com, 48
grid.id, 39
kayak.com, 38
bodybuilding.com, 45
urdupoint.com, 46
fanfiction.net, 52
camdolls.com, 39
udn.com, 36
bitly.com, 38
secureserver.net, 47
divar.ir, 60
thesun.co.uk, 59
autodesk.com, 38
vnexpress.net, 28
fwbntw.com, 48
trulia.com, 45
eventbrite.com, 43
fatosdesconhecidos.com.br, 45
rbc.ru, 35
addthis.com, 51
unity3d.com, 50
caliente.mx, 25
xtube.com, 61
howtogeek.com, 51
android.com, 55
gotporn.com, 32
snapdeal.com, 58
wp.com, 24
ecosia.org, 36
westernjournalism.com, 45
investing.com, 45
cisco.com, 36
interia.pl, 27
thebalance.com, 35
elbalad.news, 40
elmogaz.com, 48
commentcamarche.net, 25
tomshardware.com, 37
el-nacional.com, 22
google.com.ec, 32
fidelity.com, 61
4pda.ru, 40
express.co.uk, 49
viva.co.id, 61
duolingo.com, 56
php.net, 27
prothom-alo.com, 46
hamariweb.com, 36
europa.eu, 22
jimdo.com, 57
indianexpress.com, 48
cpmofferconvert.com, 27
telewebion.com, 50
latimes.com, 56
how01.com, 45
techradar.com, 50
timeanddate.com, 45
zone-telechargement.ws, 42
voyeurhit.com, 31
fanpage.gr, 38
pchome.com.tw, 32
okezone.com, 39
intel.com, 45
bhphotovideo.com, 58
gazetaexpress.com, 40
uber.com, 40
disqus.com, 34
google.lt, 36
kizlarsoruyor.com, 59
grammarly.com, 22
kissasian.com, 41
hootsuite.com, 35
khanacademy.org, 42
qoolquiz.com, 45
zara.com, 56
nordstrom.com, 49
google.iq, 45
ieee.org, 39
pof.com, 43
ebay.fr, 40
mobile01.com, 33
zing.vn, 58
lifewire.com, 54
instructables.com, 34
wykop.pl, 31
my-hit.org, 31
chinaso.com, 57
kinoprofi.org, 50
deviantart.net, 31
intoday.in, 49
jw.org, 31
vidzi.tv, 55
gazeta.pl, 44
thehill.com, 38
google.com.mm, 31
delta.com, 37
prnt.sc, 50
olx.in, 25
faithtap.com, 48
mobile.de, 60
yenisafak.com, 42
gongchang.com, 58
time.com, 42
yaplakal.com, 58
y8.com, 28
58.com, 32
allrecipes.com, 49
sinoptik.ua, 51
eyny.com, 54
donga.com, 37
sapo.pt, 55
merriam-webster.com, 42
python.org, 57
sarkariresult.com, 43
popmyads.com, 56
cam4.com, 40
52pk.com, 43
usnews.com, 40
stanford.edu, 55
sporx.com, 39
cbsnews.com, 40
mangafox.me, 36
eltrack.pro, 51
myntra.com, 58
cqnews.net, 58
tebyan.net, 30
dailypakistan.com.pk, 53
ukr.net, 35
issuu.com, 53
caixa.gov.br, 47
state.gov, 45
justdial.com, 54
sputniknews.com, 61
myfitnesspal.com, 62
ticketmaster.com, 61
bittrex.com, 34
zoom.us, 30
wtoip.com, 50
xbox.com, 20
google.com.gt, 52
comicbook.com, 41
asahi.com, 49
codepen.io, 67
makemytrip.com, 28
tnctrx.com, 34
metropoles.com, 40
idnes.cz, 60
nature.com, 42
dianping.com, 45
nikkeibp.co.jp, 36
dict.cc, 53
redfin.com, 56
costco.com, 48
nbcnews.com, 36
agoda.com, 58
lazada.com.my, 37
bankmellat.ir, 39
huawei.com, 43
allocine.fr, 26
usaa.com, 38
admarketplace.net, 27
strava.com, 24
qingdaonews.com, 37
plarium.com, 37
tellonym.de, 35
idntimes.com, 27
google.si, 74
op.gg, 38
mashable.com, 37
ruten.com.tw, 42
zomato.com, 45
brazzers.com, 41
clipconverter.cc, 32
andhrajyothy.com, 35
labanquepostale.fr, 34
chron.com, 21
politico.com, 21
cbc.ca, 45
gutefrage.net, 58
torrentproject.se, 55
uzone.id, 43
focus.de, 41
google.tm, 67
united.com, 52
segmentfault.com, 60
welt.de, 24
yandex.com.tr, 42
likemag.com, 42
primevideo.com, 49
turbobit.net, 47
chouftv.ma, 43
freejobalert.com, 41
gazzetta.it, 46
perfectgirls.net, 51
lazada.com.ph, 33
tnaflix.com, 20
worldstarhiphop.com, 29
ero-advertising.com, 42
liveinternet.ru, 43
dostor.org, 46
vetogate.com, 39
digitalprivacyalert.org, 44
secure-surf.net, 46
11st.co.kr, 51
dribbble.com, 32
webtretho.com, 37
tomsguide.com, 43
imagetwist.com, 44
lun.com, 34
bookmyshow.com, 39
ancestry.com, 53
ea.com, 33
artstation.com, 58
livestrong.com, 40
piriform.com, 32
nulltheme.net, 50
wayfair.com, 65
theatlantic.com, 43
apache.org, 30
liveleak.com, 57
skysports.com, 36
polygon.com, 51
td.com, 41
pcgamer.com, 65
internetdownloadmanager.com, 68
lazada.co.th, 39
dmv.org, 32
elvenar.com, 52
avira.com, 55
vjav.com, 59
photobucket.com, 38
ryanair.com, 31
datumglobal.com, 53
pastebin.com, 42
namasha.com, 46
friendsheart.com, 40
aa.com, 56
google.com.af, 47
n11.com, 40
yjc.ir, 48
vesti.ru, 28
guancha.cn, 42
custhelp.com, 58
avast.com, 58
hepsiburada.com, 47
almasryalyoum.com, 48
elfagr.org, 29
eol.cn, 34
elwatannews.com, 35
yandex.kz, 41
itmedia.co.jp, 26
alwafd.org, 29
usbank.com, 25
dream.co.id, 48
creditkarma.com, 67
gmanetwork.com, 54
teepr.com, 41
junbi-tracker.com, 35
ipetgroup.com, 37
mileroticos.com, 37
mynavi.jp, 40
kknews.cc, 19
rightmove.co.uk, 50
tmz.com, 53
adme.ru, 57
icy-veins.com, 64
google.com.my, 53
dcard.tw, 38
1tv.ru, 57
alodokter.com, 62
wuxiaworld.com, 24
dawn.com, 29
jiameng.com, 46
nextdoor.com, 43
harvard.edu, 56
deezer.com, 64
debate.com.mx, 55
repelis.tv, 61
sanjesh.org, 29
biblegateway.com, 51
nasa.gov, 52
cbssports.com, 40
keepvid.com, 45
knowyourmeme.com, 22
pexels.com, 41
chess.com, 41
elevenia.co.id, 20
news.com.au, 45
hh.ru, 28
nmisr.com, 28
smallpdf.com, 37
pcmag.com, 43
eporner.com, 19
wired.com, 41
fishki.net, 31
ted.com, 33
india.com, 58
mobafire.com, 21
gumtree.com, 40
socialblade.com, 34
thepennyhoarder.com, 42
rutube.ru, 39
abril.com.br, 57
zhaopin.com, 36
oneindia.com, 43
ebc.net.tw, 47
mejortorrent.com, 26
rarbg.is, 34
gap.com, 36
tim.it, 50
voluumtrk.com, 27
w3school.com.cn, 44
istockphoto.com, 72
infobae.com, 70
extratorrent.ag, 42
francetvinfo.fr, 43
mysearch.com, 56
att.net, 60
auction.co.kr, 59
wetter.com, 62
sfr.fr, 37
tamilrockers.nu, 39
wenxuecity.com, 20
edx.org, 31
kohls.com, 30
ifeng.com, 36
ebay.ca, 36
sfgate.com, 42
ebates.com, 45
metro.co.uk, 38
argaam.com, 22
searchalgo.com, 28
jumia.com.ng, 33
eroterest.net, 53
twoo.com, 48
myanmarload.com, 40
aljazeera.net, 40
rozetka.com.ua, 25
dhgate.com, 62
absoluteclickscom.com, 58
123rf.com, 32
slate.com, 37
skyscanner.net, 36
gosuslugi.ru, 43
filmweb.pl, 48
cookpad.com, 35
tripadvisor.co.uk, 28
opensubtitles.org, 52
efrable.info, 22
gittigidiyor.com, 50
pelisplus.tv, 49
onclickads.net, 41
bomb01.com, 51
nuvid.com, 46
change.org, 20
gazeta.ru, 35
fotostrana.ru, 60
1fichier.com, 41
icims.com, 37
