google.com, 9
youtube.com, 9
facebook.com, 8
baidu.com, 7
wikipedia.org, 8
yahoo.com, 9
google.co.in, 9
reddit.com, 9
qq.com, 11
amazon.com, 8
taobao.com, 7
twitter.com, 7
tmall.com, 8
google.co.jp, 10
live.com, 8
vk.com, 8
instagram.com, 8
sohu.com, 9
sina.com.cn, 11
jd.com, 11
weibo.com, 4
360.cn, 11
google.de, 9
google.co.uk, 4
linkedin.com, 11
google.com.br, 7
google.fr, 4
google.ru, 8
yandex.ru, 9
netflix.com, 7
google.com.hk, 7
yahoo.co.jp, 7
google.it, 3
ebay.com, 4
google.es, 4
pornhub.com, 4
imgur.com, 6
bing.com, 5
msn.com, 7
onclkds.com, 5
twitch.tv, 4
google.com.mx, 4
google.ca, 4
tumblr.com, 5
gmw.cn, 6
alipay.com, 8
livejasmin.com, 9
xvideos.com, 4
mail.ru, 4
microsoft.com, 5
ok.ru, 6
aliexpress.com, 6
wordpress.com, 6
stackoverflow.com, 6
imdb.com, 7
github.com, 7
amazon.co.jp, 3
pinterest.com, 6
csdn.net, 6
wikia.com, 5
apple.com, 4
google.com.tr, 6
popads.net, 10
youth.cn, 6
bongacams.com, 5
paypal.com, 4
microsoftonline.com, 3
google.com.tw, 7
google.com.au, 3
whatsapp.com, 5
google.pl, 5
xhamster.com, 4
diply.com, 5
google.co.id, 5
adobe.com, 4
coccoc.com, 5
craigslist.org, 4
txxx.com, 5
dropbox.com, 4
amazon.de, 6
google.com.ar, 4
amazon.in, 8
google.com.pk, 5
booking.com, 4
google.co.th, 7
tianya.cn, 5
google.com.eg, 4
china.com, 4
bbc.co.uk, 3
google.com.sa, 4
savefrom.net, 3
amazon.co.uk, 5
bbc.com, 4
fc2.com, 6
mozilla.org, 4
rakuten.co.jp, 6
uptodown.com, 6
cnn.com, 4
soundcloud.com, 6
google.com.ua, 4
quora.com, 4
amazonaws.com, 5
ask.com, 5
clicksgear.com, 7
xnxx.com, 3
google.nl, 4
nytimes.com, 4
naver.com, 5
ettoday.net, 6
adf.ly, 2
dailymotion.com, 3
google.co.za, 2
steamcommunity.com, 3
google.co.ve, 5
salesforce.com, 6
espn.com, 4
stackexchange.com, 6
blogger.com, 4
chase.com, 3
google.co.kr, 5
ebay.de, 3
vimeo.com, 4
vice.com, 4
theguardian.com, 4
blastingnews.com, 4
tribunnews.com, 2
steampowered.com, 4
chaturbate.com, 4
ebay.co.uk, 6
detik.com, 4
google.gr, 3
google.com.vn, 4
buzzfeed.com, 4
indeed.com, 6
dailymail.co.uk, 4
mediafire.com, 4
avito.ru, 4
cnet.com, 4
google.com.sg, 2
globo.com, 2
xinhuanet.com, 5
spotify.com, 4
flipkart.com, 4
ladbible.com, 3
google.com.ph, 4
google.com.co, 4
popcash.net, 5
google.be, 4
google.se, 6
deviantart.com, 3
zhihu.com, 4
google.cn, 5
roblox.com, 4
walmart.com, 4
google.az, 4
uol.com.br, 4
force.com, 3
upornia.com, 4
wikihow.com, 5
yelp.com, 3
daikynguyenvn.com, 3
w3schools.com, 5
washingtonpost.com, 3
china.com.cn, 4
godaddy.com, 4
etsy.com, 5
rambler.ru, 4
alibaba.com, 4
sogou.com, 4
nih.gov, 2
google.at, 4
hclips.com, 5
softonic.com, 3
redtube.com, 2
google.com.ng, 4
iwanttodeliver.com, 4
9gag.com, 2
slack.com, 4
google.com.pe, 4
bankofamerica.com, 4
mercadolivre.com.br, 4
4chan.org, 5
google.ro, 3
cpm10.com, 4
google.cz, 5
google.ch, 3
tripadvisor.com, 3
bet365.com, 3
gfycat.com, 3
amazon.fr, 5
discordapp.com, 3
google.cl, 3
wellsfargo.com, 4
trello.com, 5
amazon.it, 6
indiatimes.com, 3
battle.net, 5
google.pt, 3
zillow.com, 3
google.co.ao, 2
messenger.com, 4
google.no, 3
kinogo.club, 4
mama.cn, 3
gamepedia.com, 4
youporn.com, 4
forbes.com, 3
yts.ag, 5
tokopedia.com, 3
google.ae, 4
abs-cbn.com, 4
youm7.com, 4
pipeschannels.com, 4
weather.com, 2
outbrain.com, 4
ameblo.jp, 3
ikea.com, 4
kakaku.com, 4
trackmedia101.com, 3
mega.nz, 3
39.net, 4
bilibili.com, 4
google.dz, 5
huffingtonpost.com, 4
hotmovs.com, 4
speedtest.net, 4
livejournal.com, 4
reimageplus.com, 3
google.ie, 3
adexchangeprediction.com, 5
hotstar.com, 4
rarbg.to, 3
wetransfer.com, 7
ign.com, 3
doubleclick.net, 2
google.hu, 3
irctc.co.in, 4
foxnews.com, 4
aol.com, 5
google.co.il, 2
archive.org, 6
airbnb.com, 2
allegro.pl, 3
bestbuy.com, 4
amazon.cn, 3
leboncoin.fr, 3
google.dk, 4
cnblogs.com, 4
bitauto.com, 3
dingit.tv, 3
feedly.com, 3
sumatoad.com, 3
amazon.es, 5
freepik.com, 3
shutterstock.com, 4
wikimedia.org, 4
google.fi, 6
huaban.com, 3
skype.com, 4
caijing.com.cn, 3
ebay-kleinanzeigen.de, 3
businessinsider.com, 3
k618.cn, 3
breitbart.com, 5
liputan6.com, 4
kinopoisk.ru, 3
onlinevideoconverter.com, 2
wordreference.com, 4
kompas.com, 4
hdzog.com, 4
chinadaily.com.cn, 4
giphy.com, 3
sberbank.ru, 5
zippyshare.com, 5
rutracker.org, 3
spankbang.com, 4
flickr.com, 4
genius.com, 3
2ch.net, 3
tfetimes.com, 3
espncricinfo.com, 4
mediawhirl.net, 4
gamefaqs.com, 4
sourceforge.net, 4
scribd.com, 4
telegram.org, 3
researchgate.net, 2
gismeteo.ru, 3
mailchimp.com, 2
accuweather.com, 2
xfinity.com, 3
aliyun.com, 3
homedepot.com, 4
sabah.com.tr, 4
web.de, 3
eastday.com, 4
gmx.net, 5
leagueoflegends.com, 4
rumble.com, 5
asos.com, 5
varzesh3.com, 4
daum.net, 4
google.sk, 4
naver.jp, 4
medium.com, 3
ouo.io, 3
hola.com, 2
thesaurus.com, 3
shopify.com, 4
orange.fr, 4
digikala.com, 4
rt.com, 3
ndtv.com, 3
oracle.com, 7
telegraph.co.uk, 3
wordpress.org, 2
olx.ua, 4
zendesk.com, 3
amazon.ca, 4
samsung.com, 3
icloud.com, 3
cricbuzz.com, 3
gearbest.com, 4
userapi.com, 3
goodreads.com, 4
goo.ne.jp, 5
capitalone.com, 4
bukalapak.com, 2
streamable.com, 3
weebly.com, 4
taboola.com, 5
hp.com, 4
hulu.com, 3
americanexpress.com, 3
google.kz, 3
iqoption.com, 4
target.com, 3
beeg.com, 4
usps.com, 4
ci123.com, 3
kaskus.co.id, 3
weevah2.top, 3
subscene.com, 4
repubblica.it, 5
providr.com, 3
onet.pl, 2
aparat.com, 3
ups.com, 3
youdao.com, 4
evernote.com, 3
independent.co.uk, 4
canva.com, 4
hatena.ne.jp, 3
rottentomatoes.com, 3
nownews.com, 3
hdfcbank.com, 2
wittyfeed.com, 4
spiegel.de, 4
elpais.com, 4
taleo.net, 3
bet9ja.com, 2
ibm.com, 3
yesky.com, 4
boredpanda.com, 4
udemy.com, 4
livedoor.jp, 4
iqiyi.com, 4
duckduckgo.com, 2
hatenablog.com, 3
sciencedirect.com, 4
fiverr.com, 3
wp.pl, 2
mlb.com, 3
mercadolibre.com.ar, 5
go.com, 4
gyazo.com, 4
reverso.net, 2
ensonhaber.com, 4
setn.com, 4
patreon.com, 2
google.com.kw, 3
line.me, 2
jrj.com.cn, 3
myanimelist.net, 3
upwork.com, 3
intuit.com, 2
nametests.com, 2
mobileofferplace.site, 2
seasonvar.ru, 3
dell.com, 3
bloomberg.com, 3
cerpen.co.id, 4
playstation.com, 4
urbandictionary.com, 3
behance.net, 4
fedex.com, 2
groupon.com, 3
qiita.com, 16
exoclick.com, 5
box.com, 3
scribol.com, 4
doublepimp.com, 4
glassdoor.com, 3
uidai.gov.in, 2
theverge.com, 3
marca.com, 3
coinmarketcap.com, 4
wix.com, 3
slickdeals.net, 4
baike.com, 3
rediff.com, 3
google.co.nz, 5
haber7.com, 3
free.fr, 4
patch.com, 4
ultimate-guitar.com, 4
163.com, 4
zoho.com, 3
onedio.com, 2
pandora.com, 4
google.bg, 3
taringa.net, 2
sportbible.com, 3
citi.com, 3
kickstarter.com, 4
ebay.it, 4
icicibank.com, 4
seznam.cz, 4
biobiochile.cl, 2
gizmodo.com, 3
wowhead.com, 4
manoramaonline.com, 4
t-online.de, 4
lifebuzz.com, 4
lazada.co.id, 3
cnzz.com, 2
conservativetribune.com, 3
wattpad.com, 3
sahibinden.com, 3
ebay.com.au, 3
pixabay.com, 3
naukri.com, 2
yandex.ua, 3
launchpage.org, 4
umblr.com, 4
webmd.com, 3
goal.com, 4
gamer.com.tw, 3
gsmarena.com, 3
tutorialspoint.com, 4
billdesk.com, 5
libero.it, 3
reuters.com, 4
list-manage.com, 3
mercadolibre.com.mx, 3
poloniex.com, 3
paytm.com, 3
olx.pl, 6
google.lk, 4
bleacherreport.com, 5
google.rs, 3
shaparak.ir, 3
emol.com, 3
tube8.com, 3
blackboard.com, 3
pantip.com, 4
vporn.com, 3
pikabu.ru, 4
expedia.com, 3
filehippo.com, 1
friv.com, 3
usatoday.com, 4
nur.kz, 4
chatwork.com, 5
merdeka.com, 2
xda-developers.com, 4
pulseonclick.com, 3
ptt.cc, 4
vtv.vn, 3
humblebundle.com, 4
instructure.com, 3
ck101.com, 4
dictionary.com, 4
hilltopads.net, 5
wiktionary.org, 4
tvbs.com.tw, 1
nike.com, 4
porn.com, 3
uploaded.net, 4
lemonde.fr, 3
liftable.com, 4
azlyrics.com, 5
google.by, 4
att.com, 4
givemesport.com, 4
hurriyet.com.tr, 4
bild.de, 4
albawabhnews.com, 3
wsj.com, 4
asana.com, 4
tistory.com, 4
souq.com, 4
newegg.com, 5
mit.edu, 5
kapanlagi.com, 3
coinbase.com, 3
hubspot.com, 3
flirt4free.com, 3
hm.com, 4
104.com.tw, 2
drom.ru, 3
sabq.org, 5
google.com.do, 4
chip.de, 3
asus.com, 3
wiley.com, 4
elmundo.es, 4
kijiji.ca, 3
hespress.com, 3
inquirer.net, 3
tabelog.com, 4
jabong.com, 3
17ok.com, 3
hotels.com, 4
engadget.com, 4
gogoanime.io, 3
banggood.com, 4
thefreedictionary.com, 3
okta.com, 4
4shared.com, 4
npr.org, 3
comcast.net, 3
okdiario.com, 3
ouedkniss.com, 2
cambridge.org, 3
kooora.com, 4
ria.ru, 3
dmm.co.jp, 4
wunderground.com, 4
getpocket.com, 3
youjizz.com, 3
discogs.com, 4
adp.com, 6
bandcamp.com, 3
weblio.jp, 2
wish.com, 3
51sole.com, 3
animeflv.net, 3
squarespace.com, 4
ctitv.com.tw, 3
gamespot.com, 3
lolsided.com, 3
sex.com, 3
olx.com.br, 4
xe.com, 3
corriere.it, 4
techcrunch.com, 2
verizonwireless.com, 3
youboy.com, 3
milliyet.com.tr, 3
jianshu.com, 4
terraclicks.com, 4
jeuxvideo.com, 3
webex.com, 3
drtuber.com, 3
okcupid.com, 3
mbc.net, 4
badoo.com, 3
google.hr, 3
drive2.ru, 3
meetup.com, 2
nikkei.com, 4
discuss.com.hk, 3
chinaz.com, 3
mywatchseries.to, 2
lapatilla.com, 3
quizlet.com, 4
bitbucket.org, 3
douban.com, 4
mundo.com, 4
linkshrink.net, 4
thekitchn.com, 2
norton.com, 3
reallifecam.com, 3
surveymonkey.com, 2
springer.com, 3
google.com.ly, 4
blogfa.com, 3
mercadolibre.com.ve, 4
lifehacker.com, 3
thevideo.me, 3
suning.com, 4
neobux.com, 3
brilio.net, 3
coursera.org, 3
lowes.com, 3
eksisozluk.com, 4
lefigaro.fr, 4
ebay.in, 4
drudgereport.com, 4
kotaku.com, 2
lenta.ru, 3
ask.fm, 3
buyma.com, 3
myfreecams.com, 4
ccm.net, 2
uptobox.com, 4
beytoote.com, 3
cnbc.com, 4
prezi.com, 3
motherless.com, 3
newtabtv.com, 4
eskimi.com, 4
google.tn, 4
realtor.com, 3
avg.com, 3
investopedia.com, 3
ca.gov, 3
nypost.com, 3
ntd.tv, 4
discover.com, 4
rapidgator.net, 3
mobilemonetize.me, 4
mirror.co.uk, 3
infusionsoft.com, 2
kinokrad.co, 2
appledaily.com.tw, 3
academia.edu, 3
voc.com.cn, 2
cdiscount.com, 3
lenovo.com, 3
nba.com, 2
gmarket.co.kr, 3
southwest.com, 3
stockstar.com, 4
dafont.com, 4
crunchyroll.com, 3
macys.com, 2
moneycontrol.com, 3
sakura.ne.jp, 3
subito.it, 4
g2a.com, 3
grid.id, 3
kayak.com, 4
bodybuilding.com, 4
urdupoint.com, 2
fanfiction.net, 3
camdolls.com, 4
udn.com, 4
bitly.com, 4
secureserver.net, 4
divar.ir, 4
thesun.co.uk, 2
autodesk.com, 3
vnexpress.net, 2
fwbntw.com, 3
trulia.com, 4
eventbrite.com, 4
fatosdesconhecidos.com.br, 3
rbc.ru, 4
addthis.com, 3
unity3d.com, 3
caliente.mx, 4
xtube.com, 12
howtogeek.com, 4
android.com, 4
gotporn.com, 3
snapdeal.com, 3
wp.com, 3
ecosia.org, 2
westernjournalism.com, 3
investing.com, 2
cisco.com, 4
interia.pl, 3
thebalance.com, 4
elbalad.news, 4
elmogaz.com, 4
commentcamarche.net, 3
tomshardware.com, 2
el-nacional.com, 4
google.com.ec, 3
fidelity.com, 3
4pda.ru, 3
express.co.uk, 3
viva.co.id, 3
duolingo.com, 4
php.net, 4
prothom-alo.com, 4
hamariweb.com, 3
europa.eu, 3
jimdo.com, 4
indianexpress.com, 4
cpmofferconvert.com, 4
telewebion.com, 4
latimes.com, 3
how01.com, 4
techradar.com, 3
timeanddate.com, 3
zone-telechargement.ws, 3
voyeurhit.com, 4
fanpage.gr, 4
pchome.com.tw, 3
okezone.com, 2
intel.com, 3
bhphotovideo.com, 4
gazetaexpress.com, 4
uber.com, 3
disqus.com, 3
google.lt, 3
kizlarsoruyor.com, 2
grammarly.com, 3
kissasian.com, 3
hootsuite.com, 4
khanacademy.org, 4
qoolquiz.com, 4
zara.com, 4
nordstrom.com, 3
google.iq, 3
ieee.org, 4
pof.com, 3
ebay.fr, 3
mobile01.com, 3
zing.vn, 2
lifewire.com, 4
instructables.com, 4
wykop.pl, 3
my-hit.org, 3
chinaso.com, 4
kinoprofi.org, 2
deviantart.net, 4
intoday.in, 3
jw.org, 4
vidzi.tv, 4
gazeta.pl, 2
thehill.com, 3
google.com.mm, 3
delta.com, 1
prnt.sc, 3
olx.in, 3
faithtap.com, 3
mobile.de, 3
yenisafak.com, 3
gongchang.com, 3
time.com, 4
yaplakal.com, 2
y8.com, 5
58.com, 3
allrecipes.com, 4
sinoptik.ua, 3
eyny.com, 3
donga.com, 3
sapo.pt, 3
merriam-webster.com, 3
python.org, 4
sarkariresult.com, 4
popmyads.com, 3
cam4.com, 3
52pk.com, 3
usnews.com, 2
stanford.edu, 3
sporx.com, 4
cbsnews.com, 2
mangafox.me, 4
eltrack.pro, 3
myntra.com, 4
cqnews.net, 3
tebyan.net, 3
dailypakistan.com.pk, 3
ukr.net, 3
issuu.com, 5
caixa.gov.br, 3
state.gov, 3
justdial.com, 4
sputniknews.com, 3
myfitnesspal.com, 4
ticketmaster.com, 2
bittrex.com, 3
zoom.us, 3
wtoip.com, 3
xbox.com, 4
google.com.gt, 3
comicbook.com, 3
asahi.com, 3
codepen.io, 4
makemytrip.com, 4
tnctrx.com, 4
metropoles.com, 4
idnes.cz, 4
nature.com, 3
dianping.com, 4
nikkeibp.co.jp, 5
dict.cc, 4
redfin.com, 3
costco.com, 3
nbcnews.com, 5
agoda.com, 2
lazada.com.my, 4
bankmellat.ir, 4
huawei.com, 2
allocine.fr, 4
usaa.com, 3
admarketplace.net, 4
strava.com, 3
qingdaonews.com, 4
plarium.com, 3
tellonym.de, 3
idntimes.com, 2
google.si, 3
op.gg, 3
mashable.com, 4
ruten.com.tw, 3
zomato.com, 3
brazzers.com, 3
clipconverter.cc, 4
andhrajyothy.com, 3
labanquepostale.fr, 4
chron.com, 4
politico.com, 2
cbc.ca, 4
gutefrage.net, 3
torrentproject.se, 3
uzone.id, 4
focus.de, 4
google.tm, 2
united.com, 4
segmentfault.com, 3
welt.de, 3
yandex.com.tr, 4
likemag.com, 4
primevideo.com, 3
turbobit.net, 4
chouftv.ma, 3
freejobalert.com, 4
gazzetta.it, 4
perfectgirls.net, 3
lazada.com.ph, 3
tnaflix.com, 2
worldstarhiphop.com, 3
ero-advertising.com, 3
liveinternet.ru, 2
dostor.org, 3
vetogate.com, 4
digitalprivacyalert.org, 2
secure-surf.net, 2
11st.co.kr, 4
dribbble.com, 5
webtretho.com, 4
tomsguide.com, 4
imagetwist.com, 3
lun.com, 3
bookmyshow.com, 5
ancestry.com, 4
ea.com, 4
artstation.com, 3
livestrong.com, 4
piriform.com, 2
nulltheme.net, 3
wayfair.com, 3
theatlantic.com, 3
apache.org, 3
liveleak.com, 2
skysports.com, 2
polygon.com, 2
td.com, 3
pcgamer.com, 3
internetdownloadmanager.com, 2
lazada.co.th, 3
dmv.org, 4
elvenar.com, 5
avira.com, 4
vjav.com, 4
photobucket.com, 3
ryanair.com, 2
datumglobal.com, 3
pastebin.com, 2
namasha.com, 3
friendsheart.com, 3
aa.com, 3
google.com.af, 4
n11.com, 2
yjc.ir, 4
vesti.ru, 3
guancha.cn, 3
custhelp.com, 3
avast.com, 3
hepsiburada.com, 3
almasryalyoum.com, 4
elfagr.org, 2
eol.cn, 4
elwatannews.com, 3
yandex.kz, 3
itmedia.co.jp, 1
alwafd.org, 3
usbank.com, 3
dream.co.id, 3
creditkarma.com, 2
gmanetwork.com, 3
teepr.com, 4
junbi-tracker.com, 3
ipetgroup.com, 4
mileroticos.com, 4
mynavi.jp, 4
kknews.cc, 4
rightmove.co.uk, 2
tmz.com, 3
adme.ru, 3
icy-veins.com, 4
google.com.my, 4
dcard.tw, 3
1tv.ru, 4
alodokter.com, 3
wuxiaworld.com, 4
dawn.com, 1
jiameng.com, 3
nextdoor.com, 3
harvard.edu, 2
deezer.com, 4
debate.com.mx, 2
repelis.tv, 3
sanjesh.org, 4
biblegateway.com, 3
nasa.gov, 1
cbssports.com, 2
keepvid.com, 4
knowyourmeme.com, 3
pexels.com, 3
chess.com, 4
elevenia.co.id, 4
news.com.au, 4
hh.ru, 3
nmisr.com, 5
smallpdf.com, 4
pcmag.com, 3
eporner.com, 4
wired.com, 3
fishki.net, 4
ted.com, 3
india.com, 3
mobafire.com, 4
gumtree.com, 3
socialblade.com, 3
thepennyhoarder.com, 4
rutube.ru, 2
abril.com.br, 3
zhaopin.com, 4
oneindia.com, 2
ebc.net.tw, 3
mejortorrent.com, 3
rarbg.is, 3
gap.com, 3
tim.it, 2
voluumtrk.com, 3
w3school.com.cn, 3
istockphoto.com, 4
infobae.com, 3
extratorrent.ag, 3
francetvinfo.fr, 4
mysearch.com, 3
att.net, 3
auction.co.kr, 3
wetter.com, 2
sfr.fr, 3
tamilrockers.nu, 3
wenxuecity.com, 2
edx.org, 4
kohls.com, 4
ifeng.com, 3
ebay.ca, 4
sfgate.com, 5
ebates.com, 4
metro.co.uk, 3
argaam.com, 4
searchalgo.com, 3
jumia.com.ng, 3
eroterest.net, 2
twoo.com, 3
myanmarload.com, 3
aljazeera.net, 3
rozetka.com.ua, 2
dhgate.com, 3
absoluteclickscom.com, 4
123rf.com, 3
slate.com, 3
skyscanner.net, 3
gosuslugi.ru, 2
filmweb.pl, 3
cookpad.com, 4
tripadvisor.co.uk, 4
opensubtitles.org, 3
efrable.info, 3
gittigidiyor.com, 2
pelisplus.tv, 3
onclickads.net, 3
bomb01.com, 3
nuvid.com, 4
change.org, 3
gazeta.ru, 3
fotostrana.ru, 4
1fichier.com, 3
icims.com, 4
