google.com, 31
youtube.com, 16
facebook.com, 34
baidu.com, 38
wikipedia.org, 33
yahoo.com, 24
google.co.in, 19
reddit.com, 19
qq.com, 19
amazon.com, 19
taobao.com, 24
twitter.com, 17
tmall.com, 19
google.co.jp, 23
live.com, 17
vk.com, 23
instagram.com, 19
sohu.com, 13
sina.com.cn, 12
jd.com, 15
weibo.com, 16
360.cn, 14
google.de, 21
google.co.uk, 20
linkedin.com, 9
google.com.br, 20
google.fr, 25
google.ru, 13
yandex.ru, 9
netflix.com, 13
google.com.hk, 20
yahoo.co.jp, 16
google.it, 16
ebay.com, 11
google.es, 14
pornhub.com, 18
imgur.com, 14
bing.com, 16
msn.com, 18
onclkds.com, 17
twitch.tv, 13
google.com.mx, 14
google.ca, 14
tumblr.com, 12
gmw.cn, 11
alipay.com, 18
livejasmin.com, 14
xvideos.com, 12
mail.ru, 11
microsoft.com, 13
ok.ru, 12
aliexpress.com, 12
wordpress.com, 13
stackoverflow.com, 14
imdb.com, 12
github.com, 14
amazon.co.jp, 12
pinterest.com, 13
csdn.net, 11
wikia.com, 15
apple.com, 9
google.com.tr, 14
popads.net, 14
youth.cn, 14
bongacams.com, 13
paypal.com, 12
microsoftonline.com, 15
google.com.tw, 10
google.com.au, 11
whatsapp.com, 14
google.pl, 12
xhamster.com, 14
diply.com, 16
google.co.id, 10
adobe.com, 12
coccoc.com, 8
craigslist.org, 15
txxx.com, 21
dropbox.com, 12
amazon.de, 15
google.com.ar, 9
amazon.in, 20
google.com.pk, 9
booking.com, 14
google.co.th, 12
tianya.cn, 12
google.com.eg, 8
china.com, 10
bbc.co.uk, 8
google.com.sa, 16
savefrom.net, 14
amazon.co.uk, 10
bbc.com, 11
fc2.com, 9
mozilla.org, 16
rakuten.co.jp, 12
uptodown.com, 10
cnn.com, 10
soundcloud.com, 9
google.com.ua, 12
quora.com, 12
amazonaws.com, 11
ask.com, 13
clicksgear.com, 11
xnxx.com, 15
google.nl, 9
nytimes.com, 11
naver.com, 10
ettoday.net, 11
adf.ly, 9
dailymotion.com, 8
google.co.za, 12
steamcommunity.com, 14
google.co.ve, 11
salesforce.com, 12
espn.com, 13
stackexchange.com, 9
blogger.com, 11
chase.com, 11
google.co.kr, 14
ebay.de, 10
vimeo.com, 11
vice.com, 19
theguardian.com, 7
blastingnews.com, 9
tribunnews.com, 11
steampowered.com, 11
chaturbate.com, 13
ebay.co.uk, 12
detik.com, 12
google.gr, 9
google.com.vn, 13
buzzfeed.com, 11
indeed.com, 8
dailymail.co.uk, 16
mediafire.com, 13
avito.ru, 12
cnet.com, 14
google.com.sg, 14
globo.com, 10
xinhuanet.com, 10
spotify.com, 11
flipkart.com, 10
ladbible.com, 11
google.com.ph, 13
google.com.co, 11
popcash.net, 9
google.be, 11
google.se, 13
deviantart.com, 14
zhihu.com, 13
google.cn, 9
roblox.com, 13
walmart.com, 8
google.az, 7
uol.com.br, 11
force.com, 9
upornia.com, 11
wikihow.com, 11
yelp.com, 9
daikynguyenvn.com, 11
w3schools.com, 13
washingtonpost.com, 13
china.com.cn, 11
godaddy.com, 11
etsy.com, 12
rambler.ru, 9
alibaba.com, 9
sogou.com, 12
nih.gov, 11
google.at, 13
hclips.com, 12
softonic.com, 13
redtube.com, 13
google.com.ng, 13
iwanttodeliver.com, 13
9gag.com, 11
slack.com, 11
google.com.pe, 9
bankofamerica.com, 10
mercadolivre.com.br, 13
4chan.org, 9
google.ro, 12
cpm10.com, 15
google.cz, 11
google.ch, 12
tripadvisor.com, 12
bet365.com, 12
gfycat.com, 13
amazon.fr, 10
discordapp.com, 12
google.cl, 9
wellsfargo.com, 12
trello.com, 9
amazon.it, 8
indiatimes.com, 9
battle.net, 10
google.pt, 12
zillow.com, 13
google.co.ao, 8
messenger.com, 16
google.no, 9
kinogo.club, 12
mama.cn, 10
gamepedia.com, 13
youporn.com, 11
forbes.com, 14
yts.ag, 11
tokopedia.com, 12
google.ae, 11
abs-cbn.com, 13
youm7.com, 15
pipeschannels.com, 10
weather.com, 15
outbrain.com, 13
ameblo.jp, 15
ikea.com, 11
kakaku.com, 15
trackmedia101.com, 12
mega.nz, 13
39.net, 17
bilibili.com, 9
google.dz, 14
huffingtonpost.com, 12
hotmovs.com, 10
speedtest.net, 12
livejournal.com, 10
reimageplus.com, 15
google.ie, 14
adexchangeprediction.com, 13
hotstar.com, 9
rarbg.to, 12
wetransfer.com, 13
ign.com, 12
doubleclick.net, 12
google.hu, 9
irctc.co.in, 12
foxnews.com, 10
aol.com, 9
google.co.il, 13
archive.org, 12
airbnb.com, 14
allegro.pl, 14
bestbuy.com, 13
amazon.cn, 9
leboncoin.fr, 10
google.dk, 13
cnblogs.com, 13
bitauto.com, 11
dingit.tv, 10
feedly.com, 12
sumatoad.com, 11
amazon.es, 13
freepik.com, 12
shutterstock.com, 9
wikimedia.org, 13
google.fi, 13
huaban.com, 13
skype.com, 10
caijing.com.cn, 12
ebay-kleinanzeigen.de, 11
businessinsider.com, 11
k618.cn, 14
breitbart.com, 12
liputan6.com, 8
kinopoisk.ru, 14
onlinevideoconverter.com, 13
wordreference.com, 13
kompas.com, 10
hdzog.com, 10
chinadaily.com.cn, 11
giphy.com, 11
sberbank.ru, 11
zippyshare.com, 12
rutracker.org, 12
spankbang.com, 13
flickr.com, 9
genius.com, 9
2ch.net, 11
tfetimes.com, 9
espncricinfo.com, 13
mediawhirl.net, 15
gamefaqs.com, 9
sourceforge.net, 12
scribd.com, 12
telegram.org, 14
researchgate.net, 12
gismeteo.ru, 10
mailchimp.com, 11
accuweather.com, 9
xfinity.com, 11
aliyun.com, 11
homedepot.com, 11
sabah.com.tr, 9
web.de, 9
eastday.com, 10
gmx.net, 13
leagueoflegends.com, 10
rumble.com, 9
asos.com, 13
varzesh3.com, 12
daum.net, 11
google.sk, 14
naver.jp, 9
medium.com, 9
ouo.io, 7
hola.com, 13
thesaurus.com, 11
shopify.com, 13
orange.fr, 9
digikala.com, 12
rt.com, 13
ndtv.com, 9
oracle.com, 11
telegraph.co.uk, 8
wordpress.org, 13
olx.ua, 9
zendesk.com, 11
amazon.ca, 13
samsung.com, 10
icloud.com, 14
cricbuzz.com, 13
gearbest.com, 13
userapi.com, 13
goodreads.com, 11
goo.ne.jp, 13
capitalone.com, 11
bukalapak.com, 11
streamable.com, 11
weebly.com, 11
taboola.com, 11
hp.com, 13
hulu.com, 12
americanexpress.com, 12
google.kz, 13
iqoption.com, 10
target.com, 11
beeg.com, 9
usps.com, 11
ci123.com, 8
kaskus.co.id, 12
weevah2.top, 11
subscene.com, 11
repubblica.it, 12
providr.com, 11
onet.pl, 10
aparat.com, 11
ups.com, 7
youdao.com, 9
evernote.com, 10
independent.co.uk, 11
canva.com, 10
hatena.ne.jp, 9
rottentomatoes.com, 11
nownews.com, 14
hdfcbank.com, 13
wittyfeed.com, 10
spiegel.de, 12
elpais.com, 9
taleo.net, 10
bet9ja.com, 9
ibm.com, 9
yesky.com, 9
boredpanda.com, 15
udemy.com, 16
livedoor.jp, 13
iqiyi.com, 13
duckduckgo.com, 10
hatenablog.com, 12
sciencedirect.com, 9
fiverr.com, 12
wp.pl, 10
mlb.com, 7
mercadolibre.com.ar, 13
go.com, 12
gyazo.com, 13
reverso.net, 13
ensonhaber.com, 10
setn.com, 13
patreon.com, 11
google.com.kw, 7
line.me, 10
jrj.com.cn, 11
myanimelist.net, 10
upwork.com, 13
intuit.com, 13
nametests.com, 12
mobileofferplace.site, 10
seasonvar.ru, 9
dell.com, 11
bloomberg.com, 12
cerpen.co.id, 11
playstation.com, 15
urbandictionary.com, 13
behance.net, 13
fedex.com, 12
groupon.com, 11
qiita.com, 11
exoclick.com, 7
box.com, 12
scribol.com, 7
doublepimp.com, 13
glassdoor.com, 13
uidai.gov.in, 10
theverge.com, 12
marca.com, 11
coinmarketcap.com, 8
wix.com, 11
slickdeals.net, 11
baike.com, 11
rediff.com, 10
google.co.nz, 11
haber7.com, 12
free.fr, 9
patch.com, 7
ultimate-guitar.com, 9
163.com, 9
zoho.com, 7
onedio.com, 9
pandora.com, 7
google.bg, 10
taringa.net, 14
sportbible.com, 9
citi.com, 11
kickstarter.com, 13
ebay.it, 10
icicibank.com, 9
seznam.cz, 9
biobiochile.cl, 10
gizmodo.com, 9
wowhead.com, 11
manoramaonline.com, 10
t-online.de, 9
lifebuzz.com, 14
lazada.co.id, 14
cnzz.com, 11
conservativetribune.com, 9
wattpad.com, 11
sahibinden.com, 9
ebay.com.au, 12
pixabay.com, 11
naukri.com, 16
yandex.ua, 7
launchpage.org, 13
umblr.com, 9
webmd.com, 11
goal.com, 11
gamer.com.tw, 13
gsmarena.com, 9
tutorialspoint.com, 13
billdesk.com, 12
libero.it, 8
reuters.com, 10
list-manage.com, 11
mercadolibre.com.mx, 13
poloniex.com, 9
paytm.com, 12
olx.pl, 6
google.lk, 9
bleacherreport.com, 11
google.rs, 11
shaparak.ir, 9
emol.com, 13
tube8.com, 10
blackboard.com, 15
pantip.com, 7
vporn.com, 13
pikabu.ru, 15
expedia.com, 11
filehippo.com, 11
friv.com, 11
usatoday.com, 9
nur.kz, 10
chatwork.com, 11
merdeka.com, 13
xda-developers.com, 11
pulseonclick.com, 7
ptt.cc, 9
vtv.vn, 14
humblebundle.com, 13
instructure.com, 12
ck101.com, 9
dictionary.com, 14
hilltopads.net, 14
wiktionary.org, 9
tvbs.com.tw, 12
nike.com, 9
porn.com, 11
uploaded.net, 8
lemonde.fr, 13
liftable.com, 9
azlyrics.com, 11
google.by, 13
att.com, 11
givemesport.com, 12
hurriyet.com.tr, 13
bild.de, 13
albawabhnews.com, 12
wsj.com, 10
asana.com, 11
tistory.com, 12
souq.com, 11
newegg.com, 11
mit.edu, 10
kapanlagi.com, 9
coinbase.com, 9
hubspot.com, 12
flirt4free.com, 13
hm.com, 11
104.com.tw, 10
drom.ru, 12
sabq.org, 12
google.com.do, 12
chip.de, 9
asus.com, 14
wiley.com, 9
elmundo.es, 12
kijiji.ca, 11
hespress.com, 11
inquirer.net, 11
tabelog.com, 11
jabong.com, 13
17ok.com, 12
hotels.com, 11
engadget.com, 9
gogoanime.io, 9
banggood.com, 12
thefreedictionary.com, 12
okta.com, 11
4shared.com, 15
npr.org, 7
comcast.net, 9
okdiario.com, 11
ouedkniss.com, 11
cambridge.org, 14
kooora.com, 11
ria.ru, 13
dmm.co.jp, 13
wunderground.com, 12
getpocket.com, 9
youjizz.com, 8
discogs.com, 15
adp.com, 11
bandcamp.com, 11
weblio.jp, 8
wish.com, 11
51sole.com, 9
animeflv.net, 12
squarespace.com, 12
ctitv.com.tw, 11
gamespot.com, 11
lolsided.com, 6
sex.com, 13
olx.com.br, 10
xe.com, 7
corriere.it, 10
techcrunch.com, 11
verizonwireless.com, 9
youboy.com, 8
milliyet.com.tr, 11
jianshu.com, 10
terraclicks.com, 13
jeuxvideo.com, 11
webex.com, 9
drtuber.com, 11
okcupid.com, 12
mbc.net, 8
badoo.com, 10
google.hr, 11
drive2.ru, 11
meetup.com, 9
nikkei.com, 11
discuss.com.hk, 13
chinaz.com, 11
mywatchseries.to, 11
lapatilla.com, 11
quizlet.com, 9
bitbucket.org, 11
douban.com, 10
mundo.com, 11
linkshrink.net, 9
thekitchn.com, 14
norton.com, 10
reallifecam.com, 15
surveymonkey.com, 9
springer.com, 11
google.com.ly, 13
blogfa.com, 11
mercadolibre.com.ve, 8
lifehacker.com, 14
thevideo.me, 11
suning.com, 14
neobux.com, 9
brilio.net, 11
coursera.org, 14
lowes.com, 12
eksisozluk.com, 11
lefigaro.fr, 9
ebay.in, 11
drudgereport.com, 10
kotaku.com, 9
lenta.ru, 11
ask.fm, 12
buyma.com, 15
myfreecams.com, 10
ccm.net, 9
uptobox.com, 11
beytoote.com, 13
cnbc.com, 15
prezi.com, 9
motherless.com, 11
newtabtv.com, 12
eskimi.com, 12
google.tn, 12
realtor.com, 8
avg.com, 8
investopedia.com, 11
ca.gov, 9
nypost.com, 11
ntd.tv, 11
discover.com, 15
rapidgator.net, 11
mobilemonetize.me, 10
mirror.co.uk, 10
infusionsoft.com, 13
kinokrad.co, 11
appledaily.com.tw, 12
academia.edu, 11
voc.com.cn, 11
cdiscount.com, 11
lenovo.com, 9
nba.com, 11
gmarket.co.kr, 12
southwest.com, 10
stockstar.com, 8
dafont.com, 7
crunchyroll.com, 11
macys.com, 11
moneycontrol.com, 12
sakura.ne.jp, 11
subito.it, 14
g2a.com, 15
grid.id, 13
kayak.com, 11
bodybuilding.com, 12
urdupoint.com, 10
fanfiction.net, 13
camdolls.com, 13
udn.com, 13
bitly.com, 12
secureserver.net, 13
divar.ir, 11
thesun.co.uk, 10
autodesk.com, 11
vnexpress.net, 7
fwbntw.com, 12
trulia.com, 12
eventbrite.com, 13
fatosdesconhecidos.com.br, 10
rbc.ru, 9
addthis.com, 12
unity3d.com, 13
caliente.mx, 14
xtube.com, 8
howtogeek.com, 11
android.com, 12
gotporn.com, 13
snapdeal.com, 10
wp.com, 12
ecosia.org, 10
westernjournalism.com, 13
investing.com, 15
cisco.com, 11
interia.pl, 11
thebalance.com, 9
elbalad.news, 13
elmogaz.com, 11
commentcamarche.net, 12
tomshardware.com, 13
el-nacional.com, 11
google.com.ec, 10
fidelity.com, 11
4pda.ru, 12
express.co.uk, 9
viva.co.id, 12
duolingo.com, 9
php.net, 10
prothom-alo.com, 11
hamariweb.com, 8
europa.eu, 11
jimdo.com, 7
indianexpress.com, 12
cpmofferconvert.com, 12
telewebion.com, 10
latimes.com, 9
how01.com, 9
techradar.com, 8
timeanddate.com, 11
zone-telechargement.ws, 11
voyeurhit.com, 9
fanpage.gr, 7
pchome.com.tw, 10
okezone.com, 11
intel.com, 12
bhphotovideo.com, 10
gazetaexpress.com, 9
uber.com, 10
disqus.com, 11
google.lt, 7
kizlarsoruyor.com, 9
grammarly.com, 12
kissasian.com, 8
hootsuite.com, 12
khanacademy.org, 11
qoolquiz.com, 10
zara.com, 13
nordstrom.com, 14
google.iq, 13
ieee.org, 12
pof.com, 11
ebay.fr, 9
mobile01.com, 9
zing.vn, 9
lifewire.com, 11
instructables.com, 7
wykop.pl, 11
my-hit.org, 13
chinaso.com, 11
kinoprofi.org, 9
deviantart.net, 11
intoday.in, 11
jw.org, 9
vidzi.tv, 11
gazeta.pl, 7
thehill.com, 7
google.com.mm, 8
delta.com, 10
prnt.sc, 10
olx.in, 11
faithtap.com, 9
mobile.de, 9
yenisafak.com, 9
gongchang.com, 12
time.com, 11
yaplakal.com, 10
y8.com, 8
58.com, 11
allrecipes.com, 7
sinoptik.ua, 13
eyny.com, 9
donga.com, 9
sapo.pt, 9
merriam-webster.com, 13
python.org, 7
sarkariresult.com, 10
popmyads.com, 11
cam4.com, 12
52pk.com, 11
usnews.com, 14
stanford.edu, 9
sporx.com, 11
cbsnews.com, 8
mangafox.me, 13
eltrack.pro, 13
myntra.com, 13
cqnews.net, 11
tebyan.net, 8
dailypakistan.com.pk, 10
ukr.net, 12
issuu.com, 12
caixa.gov.br, 8
state.gov, 14
justdial.com, 11
sputniknews.com, 11
myfitnesspal.com, 12
ticketmaster.com, 13
bittrex.com, 13
zoom.us, 9
wtoip.com, 11
xbox.com, 9
google.com.gt, 12
comicbook.com, 11
asahi.com, 11
codepen.io, 11
makemytrip.com, 12
tnctrx.com, 11
metropoles.com, 12
idnes.cz, 9
nature.com, 12
dianping.com, 9
nikkeibp.co.jp, 10
dict.cc, 9
redfin.com, 10
costco.com, 11
nbcnews.com, 11
agoda.com, 12
lazada.com.my, 9
bankmellat.ir, 11
huawei.com, 11
allocine.fr, 11
usaa.com, 10
admarketplace.net, 11
strava.com, 11
qingdaonews.com, 11
plarium.com, 10
tellonym.de, 13
idntimes.com, 9
google.si, 10
op.gg, 7
mashable.com, 9
ruten.com.tw, 10
zomato.com, 13
brazzers.com, 8
clipconverter.cc, 11
andhrajyothy.com, 10
labanquepostale.fr, 11
chron.com, 7
politico.com, 12
cbc.ca, 7
gutefrage.net, 12
torrentproject.se, 11
uzone.id, 12
focus.de, 10
google.tm, 13
united.com, 10
segmentfault.com, 11
welt.de, 13
yandex.com.tr, 14
likemag.com, 14
primevideo.com, 8
turbobit.net, 13
chouftv.ma, 7
freejobalert.com, 10
gazzetta.it, 13
perfectgirls.net, 11
lazada.com.ph, 11
tnaflix.com, 12
worldstarhiphop.com, 11
ero-advertising.com, 10
liveinternet.ru, 11
dostor.org, 12
vetogate.com, 12
digitalprivacyalert.org, 12
secure-surf.net, 10
11st.co.kr, 9
dribbble.com, 11
webtretho.com, 10
tomsguide.com, 11
imagetwist.com, 13
lun.com, 12
bookmyshow.com, 9
ancestry.com, 10
ea.com, 9
artstation.com, 12
livestrong.com, 10
piriform.com, 12
nulltheme.net, 12
wayfair.com, 13
theatlantic.com, 12
apache.org, 10
liveleak.com, 11
skysports.com, 9
polygon.com, 11
td.com, 9
pcgamer.com, 9
internetdownloadmanager.com, 15
lazada.co.th, 11
dmv.org, 7
elvenar.com, 14
avira.com, 11
vjav.com, 11
photobucket.com, 12
ryanair.com, 11
datumglobal.com, 8
pastebin.com, 9
namasha.com, 12
friendsheart.com, 11
aa.com, 9
google.com.af, 13
n11.com, 8
yjc.ir, 14
vesti.ru, 12
guancha.cn, 9
custhelp.com, 11
avast.com, 9
hepsiburada.com, 13
almasryalyoum.com, 12
elfagr.org, 13
eol.cn, 10
elwatannews.com, 12
yandex.kz, 9
itmedia.co.jp, 10
alwafd.org, 10
usbank.com, 10
dream.co.id, 11
creditkarma.com, 12
gmanetwork.com, 11
teepr.com, 8
junbi-tracker.com, 14
ipetgroup.com, 12
mileroticos.com, 13
mynavi.jp, 8
kknews.cc, 11
rightmove.co.uk, 12
tmz.com, 8
adme.ru, 13
icy-veins.com, 12
google.com.my, 7
dcard.tw, 8
1tv.ru, 12
alodokter.com, 13
wuxiaworld.com, 11
dawn.com, 10
jiameng.com, 12
nextdoor.com, 11
harvard.edu, 10
deezer.com, 7
debate.com.mx, 9
repelis.tv, 9
sanjesh.org, 10
biblegateway.com, 13
nasa.gov, 11
cbssports.com, 15
keepvid.com, 12
knowyourmeme.com, 10
pexels.com, 10
chess.com, 7
elevenia.co.id, 8
news.com.au, 12
hh.ru, 11
nmisr.com, 10
smallpdf.com, 11
pcmag.com, 13
eporner.com, 12
wired.com, 11
fishki.net, 10
ted.com, 13
india.com, 12
mobafire.com, 12
gumtree.com, 14
socialblade.com, 10
thepennyhoarder.com, 11
rutube.ru, 16
abril.com.br, 13
zhaopin.com, 10
oneindia.com, 10
ebc.net.tw, 11
mejortorrent.com, 12
rarbg.is, 11
gap.com, 10
tim.it, 11
voluumtrk.com, 7
w3school.com.cn, 11
istockphoto.com, 12
infobae.com, 11
extratorrent.ag, 9
francetvinfo.fr, 10
mysearch.com, 11
att.net, 13
auction.co.kr, 11
wetter.com, 9
sfr.fr, 11
tamilrockers.nu, 10
wenxuecity.com, 11
edx.org, 8
kohls.com, 10
ifeng.com, 13
ebay.ca, 11
sfgate.com, 10
ebates.com, 13
metro.co.uk, 11
argaam.com, 9
searchalgo.com, 14
jumia.com.ng, 10
eroterest.net, 13
twoo.com, 11
myanmarload.com, 9
aljazeera.net, 7
rozetka.com.ua, 11
dhgate.com, 9
absoluteclickscom.com, 12
123rf.com, 9
slate.com, 9
skyscanner.net, 13
gosuslugi.ru, 12
filmweb.pl, 12
cookpad.com, 11
tripadvisor.co.uk, 9
opensubtitles.org, 11
efrable.info, 13
gittigidiyor.com, 11
pelisplus.tv, 11
onclickads.net, 10
bomb01.com, 12
nuvid.com, 11
change.org, 11
gazeta.ru, 11
fotostrana.ru, 12
1fichier.com, 10
icims.com, 9
